,close,high,low,open,time,volumefrom,volumeto
0,2.5,2.5,2.5,2.5,1418083200,0.0,0.0
1,2.5,2.5,2.5,2.5,1418169600,0.0,0.0
2,2.5,2.5,2.5,2.5,1418256000,0.0,0.0
3,2.5,2.5,2.5,2.5,1418342400,0.0,0.0
4,2.5,2.5,2.5,2.5,1418428800,0.0,0.0
5,2.5,2.5,2.5,2.5,1418515200,0.0,0.0
6,2.5,2.5,2.5,2.5,1418601600,0.0,0.0
7,1.6,2.5,1.6,2.5,1418688000,0.0006312,0.00101
8,1.6,1.6,1.6,1.6,1418774400,0.0,0.0
9,1.6,1.6,1.6,1.6,1418860800,0.0,0.0
10,1.6,1.6,1.6,1.6,1418947200,0.0,0.0
11,1.6,1.6,1.6,1.6,1419033600,0.0,0.0
12,1.6,1.6,1.6,1.6,1419120000,0.02773,0.04436
13,1.6,1.6,1.6,1.6,1419206400,0.002299,0.003679
14,1.6,1.6,1.6,1.6,1419292800,0.0,0.0
15,1.6,1.6,1.6,1.6,1419379200,0.0,0.0
16,1.6,1.6,1.6,1.6,1419465600,0.0,0.0
17,1.99,1.99,1.6,1.6,1419552000,0.08332,0.1658
18,1.65,1.99,1.65,1.99,1419638400,0.01018,0.01693
19,1.65,1.65,1.65,1.65,1419724800,0.0,0.0
20,1.65,1.65,1.65,1.65,1419811200,0.0,0.0
21,1.65,1.65,1.65,1.65,1419897600,0.0,0.0
22,1.6,1.65,1.6,1.65,1419984000,0.0001,0.00016
23,1.6,1.6,1.6,1.6,1420070400,0.0,0.0
24,1.72,1.72,1.6,1.6,1420156800,0.008066,0.01387
25,1.72,1.72,1.72,1.72,1420243200,0.0,0.0
26,1.72,1.72,1.72,1.72,1420329600,2.99,5.14
27,1.6,1.72,1.6,1.72,1420416000,0.01572,0.02554
28,1.6,1.6,1.6,1.6,1420502400,0.0,0.0
29,1.6,1.6,1.6,1.6,1420588800,0.0,0.0
30,1.6,1.6,1.6,1.6,1420675200,0.0,0.0
31,1.6,1.6,1.6,1.6,1420761600,0.0,0.0
32,1.6,1.6,1.6,1.6,1420848000,0.0,0.0
33,1.5,1.96,1.5,1.6,1420934400,0.2281,0.355
34,1.5,1.5,1.5,1.5,1421020800,0.0,0.0
35,1.5,1.5,1.5,1.5,1421107200,0.1671,0.2506
36,1.5,1.5,1.5,1.5,1421193600,0.6327,0.949
37,1.5,1.5,1.5,1.5,1421280000,0.0,0.0
38,1.5,1.5,1.5,1.5,1421366400,0.0,0.0
39,1.5,1.5,1.5,1.5,1421452800,0.0,0.0
40,1.5,1.5,1.5,1.5,1421539200,0.0,0.0
41,1.5,1.5,1.5,1.5,1421625600,0.0,0.0
42,1.5,1.5,1.5,1.5,1421712000,0.0,0.0
43,1.11,1.5,1.11,1.5,1421798400,0.007493,0.008317
44,1.11,1.11,1.11,1.11,1421884800,0.0,0.0
45,1.11,1.11,1.11,1.11,1421971200,0.002128,0.002362
46,1.11,1.11,1.11,1.11,1422057600,0.0,0.0
47,1.8,1.8,1.11,1.11,1422144000,0.8422,1.52
48,1.8,1.8,1.8,1.8,1422230400,0.0,0.0
49,1.8,1.8,1.8,1.8,1422316800,0.0,0.0
50,1.9,1.9,1.8,1.8,1422403200,0.004252,0.008078
51,1.9,1.9,1.9,1.9,1422489600,0.02064,0.03922
52,1.9,1.9,1.33,1.9,1422576000,0.02164,0.03843
53,1.9,1.9,1.9,1.9,1422662400,0.05439,0.1033
54,1.9,1.9,1.9,1.9,1422748800,0.01452,0.02759
55,1.9,1.9,1.9,1.9,1422835200,0.0,0.0
56,1.9,1.9,1.9,1.9,1422921600,0.0,0.0
57,1.33,1.9,1.33,1.9,1423008000,0.002025,0.002693
58,1.89,1.96,1.33,1.33,1423094400,3.11,6.01
59,1.89,1.89,1.89,1.89,1423180800,0.001739,0.003287
60,2.0,2.0,1.33,1.89,1423267200,0.0047,0.00873
61,2.0,2.0,2.0,2.0,1423353600,0.0,0.0
62,2.0,2.0,1.55,2.0,1423440000,2.99,5.97
63,2.0,2.0,2.0,2.0,1423526400,0.0,0.0
64,2.7,2.88,2.0,2.0,1423612800,1.2,3.02
65,2.7,2.7,2.7,2.7,1423699200,0.0,0.0
66,2.7,2.7,2.7,2.7,1423785600,0.0,0.0
67,1.7,2.7,1.7,2.7,1423872000,0.0056,0.00952
68,1.7,1.7,1.7,1.7,1423958400,0.001222,0.002077
69,1.7,2.0,1.7,1.7,1424044800,0.001866,0.003227
70,10.0,10.0,2.9,2.9,1424131200,0.001992,0.01992
71,10.0,10.0,10.0,10.0,1424217600,0.0,0.0
72,2.5,2.5,1.7,1.7,1424304000,0.0006,0.0015
73,1.7,2.5,1.7,2.5,1424390400,0.006,0.0102
74,1.7,1.7,1.7,1.7,1424476800,0.0,0.0
75,1.7,1.7,1.7,1.7,1424563200,0.0,0.0
76,1.7,1.7,1.7,1.7,1424649600,0.00336,0.005712
77,2.9,10.0,2.9,10.0,1424736000,0.2407,0.4188
78,2.9,2.9,2.9,2.9,1424822400,0.0,0.0
79,2.9,2.9,2.9,2.9,1424908800,0.0,0.0
80,3.68,3.68,2.9,2.9,1424995200,0.1158,0.3477
81,3.0,3.0,3.0,3.0,1425081600,1.22,3.66
82,3.0,3.0,3.0,3.0,1425168000,0.0,0.0
83,1.7,3.0,1.7,3.0,1425254400,0.0043,0.00731
84,3.5,3.68,3.5,3.68,1425340800,0.4999,1.75
85,3.5,3.5,3.5,3.5,1425427200,0.03503,0.1226
86,3.5,3.5,3.5,3.5,1425513600,0.02684,0.09392
87,3.5,3.5,3.5,3.5,1425600000,0.0,0.0
88,3.5,3.5,3.5,3.5,1425686400,0.0,0.0
89,1.95,1.95,1.7,1.7,1425772800,0.04491,0.08758
90,3.36,3.36,1.95,1.95,1425859200,0.4197,1.41
91,3.53,3.53,3.36,3.36,1425945600,0.0225,0.07942
92,2.3,3.53,2.3,3.53,1426032000,0.011,0.0253
93,2.3,2.3,2.3,2.3,1426118400,0.0,0.0
94,4.0,4.0,3.5,3.5,1426204800,0.00025,0.001
95,2.3,2.3,2.3,2.3,1426291200,0.00704,0.01619
96,2.3,2.3,2.3,2.3,1426377600,0.0,0.0
97,2.3,2.3,2.3,2.3,1426464000,0.0,0.0
98,2.3,2.3,2.3,2.3,1426550400,0.0,0.0
99,4.0,4.0,4.0,4.0,1426636800,0.1578,0.5576
100,3.5,3.5,3.5,3.5,1426723200,0.06874,0.2406
101,3.5,3.5,3.5,3.5,1426809600,2.14,7.48
102,4.0,4.0,4.0,4.0,1426896000,1.26,5.04
103,5.99,5.99,4.0,4.0,1426982400,0.05919,0.1452
104,3.3,5.0,2.35,2.35,1427068800,0.0631,0.1944
105,3.3,6.01,3.3,3.3,1427155200,0.4388,1.74
106,5.16,6.0,4.93,5.17,1427241600,0.4733,1.43
107,4.95,5.5,4.71,5.16,1427328000,0.7095,2.94
108,4.78,5.15,4.65,4.95,1427414400,0.02577,0.1371
109,5.1,5.1,4.69,4.78,1427500800,0.0,0.0
110,4.8,5.1,4.65,5.1,1427587200,0.0,0.0
111,4.5,4.65,4.28,4.28,1427673600,0.32,0.768
112,4.16,4.5,3.85,4.5,1427760000,0.4802,1.15
113,3.82,4.16,3.68,4.16,1427846400,0.4922,1.2
114,4.41,4.66,3.82,3.82,1427932800,0.48,1.15
115,4.35,4.66,4.35,4.41,1428019200,0.486,1.17
116,4.33,4.35,4.01,4.35,1428105600,0.4719,1.14
117,4.12,4.33,3.95,4.33,1428192000,0.4939,1.19
118,4.13,4.24,4.03,4.12,1428278400,0.2553,0.615
119,3.75,4.13,3.75,4.13,1428364800,0.02,0.048
120,3.81,3.92,3.4,3.75,1428451200,0.02,0.048
121,3.42,3.85,3.4,3.81,1428537600,6.88,24.22
122,3.52,3.59,3.0,3.42,1428624000,0.0898,0.2217
123,3.47,3.6,3.3,3.52,1428710400,0.14,0.336
124,3.66,3.72,3.27,3.47,1428796800,0.23,0.552
125,3.41,3.66,3.26,3.66,1428883200,0.23,0.552
126,2.4,2.4,2.4,2.4,1428969600,0.24,0.576
127,2.41,2.41,2.4,2.4,1429056000,0.2442,0.588
128,5.9,5.9,0.4,0.4,1429142400,0.2305,0.558
129,2.42,2.42,2.42,2.42,1429228800,0.2533,0.6133
130,2.42,2.42,2.42,2.42,1429315200,0.25,0.6053
131,2.41,3.4,2.41,2.42,1429401600,0.2427,0.5884
132,2.41,6.0,2.41,2.41,1429488000,2.65,9.55
133,2.41,2.41,2.41,2.41,1429574400,0.0,0.0
134,2.41,2.41,2.41,2.41,1429660800,0.24,0.5784
135,3.7,3.87,3.66,3.66,1429747200,0.3536,0.9603
136,3.3,3.77,3.1,3.7,1429833600,0.4106,1.15
137,3.15,3.5,3.15,3.3,1429920000,0.2892,0.7388
138,3.05,3.15,3.0,3.15,1430006400,0.4868,1.29
139,3.03,3.2,3.0,3.05,1430092800,0.2907,0.809
140,2.95,3.15,2.85,3.03,1430179200,0.2516,0.6117
141,2.97,2.97,2.9,2.95,1430265600,0.2328,0.5686
142,3.0,3.16,2.9,2.97,1430352000,0.4212,1.13
143,2.83,3.06,2.75,3.0,1430438400,0.9812,2.54
144,2.87,2.93,2.75,2.83,1430524800,0.26,0.671
145,2.72,2.87,2.67,2.87,1430611200,0.2596,0.6749
146,2.85,3.05,2.65,2.72,1430697600,0.5481,1.88
147,2.85,2.95,2.8,2.85,1430784000,2.38,8.15
148,2.9,3.0,2.9,2.91,1430870400,0.04009,0.001604
149,2.75,2.92,2.75,2.9,1430956800,0.0,0.0
150,2.82,2.85,2.7,2.75,1431043200,0.0,0.0
151,2.7,2.82,2.7,2.82,1431129600,0.004805,0.004805
152,2.75,2.75,2.65,2.7,1431216000,0.0,0.0
153,2.65,2.75,2.65,2.75,1431302400,0.705,1.88
154,2.8,2.8,2.72,2.72,1431388800,0.0,0.0
155,2.7,2.81,2.7,2.8,1431475200,0.004796,0.007194
156,2.9,2.9,2.7,2.7,1431561600,1.62,1.89
157,3.0,3.0,2.85,2.9,1431648000,0.127,0.438
158,3.05,3.05,2.9,2.9,1431734400,0.0,0.0
159,1.38,5.9,1.38,5.9,1431820800,1.46,2.07
160,2.9,3.02,2.9,3.02,1431907200,0.0,0.0
161,2.8,2.95,2.8,2.9,1431993600,0.002,0.0028
162,2.95,2.95,2.8,2.8,1432080000,2.02,3.03
163,2.8,2.95,2.8,2.95,1432166400,0.006679,0.01585
164,2.95,2.95,2.8,2.8,1432252800,1.33,3.25
165,2.85,2.95,2.85,2.85,1432339200,0.01494,0.02115
166,2.85,2.93,2.85,2.85,1432425600,2.54,6.39
167,2.77,2.92,2.65,2.85,1432512000,0.5135,1.69
168,2.6,2.9,2.6,2.7,1432598400,2.21,2.21
169,2.8,2.8,2.6,2.6,1432684800,0.0,0.0
170,2.88,2.88,2.55,2.8,1432771200,0.01337,0.04102
171,2.72,2.9,2.71,2.88,1432857600,0.0,0.0
172,2.9,2.9,2.72,2.72,1432944000,0.03831,0.08925
173,2.88,2.88,2.77,2.77,1433030400,0.0,0.0
174,2.71,2.88,2.71,2.88,1433116800,3.24,10.08
175,2.82,3.1,2.71,2.71,1433203200,0.0,0.0
176,2.79,2.82,2.79,2.82,1433289600,0.009341,0.02176
177,2.84,2.9,2.79,2.79,1433376000,0.7028,2.07
178,2.82,2.97,2.71,2.84,1433462400,0.5384,1.25
179,2.79,2.87,2.72,2.82,1433548800,0.0,0.0
180,2.79,3.0,2.79,2.79,1433635200,0.0,0.0
181,2.94,2.94,2.79,2.79,1433721600,0.2905,0.7611
182,2.8,2.92,2.8,2.92,1433808000,0.0,0.0
183,2.8,2.8,2.57,2.8,1433894400,3.55,8.35
184,2.7,2.8,2.7,2.8,1433980800,0.2238,0.8236
185,2.8,2.97,2.7,2.7,1434067200,0.0,0.0
186,2.87,2.87,2.8,2.8,1434153600,0.01483,0.001234
187,2.72,2.86,2.72,2.85,1434240000,0.6056,1.03
188,2.69,2.77,2.69,2.72,1434326400,0.0005055,0.001471
189,2.97,2.97,2.69,2.69,1434412800,0.0,0.0
190,3.16,3.25,2.92,2.97,1434499200,0.000499,0.001497
191,2.9,3.16,2.89,3.16,1434585600,0.2516,0.4278
192,2.91,3.0,2.9,2.9,1434672000,0.001039,0.003117
193,2.94,2.94,2.77,2.77,1434758400,0.06498,0.1105
194,2.91,2.94,2.81,2.94,1434844800,0.0,0.0
195,2.83,2.93,2.81,2.91,1434931200,0.1897,0.3148
196,2.92,2.92,2.83,2.83,1435017600,0.2048,0.3625
197,2.84,2.92,2.84,2.92,1435104000,0.000462,0.0008178
198,2.87,2.92,2.84,2.84,1435190400,0.0,0.0
199,2.88,3.0,2.86,2.87,1435276800,0.0,0.0
200,2.92,2.94,2.74,2.88,1435363200,0.01783,0.02143
201,2.8,2.93,2.7,2.92,1435449600,0.07385,0.07017
202,2.71,2.85,2.71,2.8,1435536000,0.05966,0.1056
203,2.85,2.85,2.61,2.71,1435622400,0.0,0.0
204,2.8,2.93,2.63,2.85,1435708800,0.0,0.0
205,2.85,2.85,2.67,2.8,1435795200,2.05,4.11
206,2.9,2.95,2.85,2.85,1435881600,0.009358,0.01678
207,3.08,3.1,2.9,2.9,1435968000,0.0,0.0
208,2.95,3.16,2.93,3.08,1436054400,0.1588,0.5762
209,3.19,3.19,2.95,2.95,1436140800,1.03,3.6
210,3.19,3.19,3.19,3.19,1436227200,0.01684,0.03364
211,2.91,3.19,2.91,3.19,1436313600,0.0702,0.2068
212,2.91,3.19,2.75,2.91,1436400000,0.0,0.0
213,3.75,4.5,2.91,2.91,1436486400,3.1,13.27
214,3.8,4.0,3.74,3.75,1436572800,0.0,0.0
215,4.47,4.47,3.8,3.8,1436659200,0.0,0.0
216,3.53,4.47,3.53,4.47,1436745600,0.0,0.0
217,3.5,3.8,3.0,3.53,1436832000,0.002639,0.01557
218,3.71,4.0,3.5,3.5,1436918400,0.002111,0.006123
219,3.39,4.0,3.39,3.71,1437004800,0.0,0.0
220,3.35,3.89,3.35,3.37,1437091200,0.0,0.0
221,3.53,4.01,3.35,3.35,1437177600,0.0,0.0
222,3.71,3.98,3.53,3.53,1437264000,0.0003457,0.0006153
223,3.63,3.77,3.63,3.71,1437350400,0.07851,0.2016
224,3.83,3.83,3.63,3.63,1437436800,0.0,0.0
225,3.75,3.83,3.62,3.83,1437523200,0.0002097,0.001237
226,3.75,3.75,3.75,3.75,1437609600,0.0,0.0
227,3.74,3.83,3.53,3.64,1437696000,0.0,0.0
228,3.82,3.82,3.74,3.74,1437782400,2.32,4.14
229,3.83,3.83,3.82,3.82,1437868800,0.0003747,0.000667
230,3.54,3.83,3.54,3.83,1437955200,0.0,0.0
231,3.7,3.7,3.54,3.54,1438041600,0.0,0.0
232,3.65,3.7,3.63,3.7,1438128000,0.0,0.0
233,3.63,3.79,3.63,3.65,1438214400,0.0,0.0
234,3.65,3.65,3.63,3.63,1438300800,0.003612,0.009332
235,3.65,3.83,3.65,3.65,1438387200,0.0,0.0
236,3.7,3.72,3.65,3.65,1438473600,0.0,0.0
237,3.59,3.7,3.59,3.7,1438560000,0.0,0.0
238,3.83,3.83,3.59,3.59,1438646400,0.5653,1.7
239,3.72,3.83,3.72,3.83,1438732800,0.7063,2.04
240,3.53,3.59,3.53,3.59,1438819200,0.0,0.0
241,3.35,3.53,3.35,3.53,1438905600,0.0,0.0
242,3.19,3.35,3.19,3.35,1438992000,0.00236,0.006135
243,3.13,3.19,3.13,3.19,1439078400,0.00685,0.02127
244,3.12,3.22,3.1,3.13,1439164800,0.0,0.0
245,3.3,3.3,3.12,3.12,1439251200,1.25,3.95
246,3.15,3.3,3.14,3.3,1439337600,0.1077,0.3417
247,3.15,3.7,3.15,3.15,1439424000,0.05665,0.1731
248,3.15,3.56,3.15,3.15,1439510400,0.0,0.0
249,3.15,3.16,3.15,3.15,1439596800,0.00025,0.0006904
250,3.02,3.15,3.0,3.15,1439683200,0.009879,0.02795
251,3.05,3.12,3.02,3.02,1439769600,1.62,5.38
252,3.05,3.05,2.94,3.05,1439856000,0.5843,1.69
253,2.67,3.05,2.67,3.05,1439942400,3.51,8.74
254,2.81,2.81,2.62,2.67,1440028800,0.0,0.0
255,2.84,2.84,2.1,2.1,1440115200,1.56,4.34
256,2.89,2.95,2.75,2.81,1440201600,0.5681,1.23
257,2.75,2.89,2.75,2.89,1440288000,0.1656,0.4356
258,2.5,2.81,2.5,2.75,1440374400,0.5482,1.43
259,2.79,2.79,2.27,2.5,1440460800,2.37,5.39
260,2.51,2.79,2.51,2.79,1440547200,3.08,7.77
261,2.67,2.79,2.51,2.51,1440633600,4.36,10.8
262,2.51,2.67,2.51,2.67,1440720000,0.877,1.76
263,2.56,2.56,2.56,2.56,1440806400,0.0,0.0
264,2.57,2.57,2.57,2.57,1440892800,0.0,0.0
265,2.57,2.65,2.53,2.57,1440979200,0.8715,2.36
266,2.64,2.64,2.57,2.57,1441065600,2.62,6.96
267,2.56,2.79,2.53,2.64,1441152000,0.0,0.0
268,2.52,2.6,2.52,2.56,1441238400,0.0,0.0
269,2.51,2.52,2.51,2.52,1441324800,0.05322,0.1331
270,2.4,2.51,2.38,2.51,1441411200,0.6028,1.22
271,2.49,2.61,2.48,2.61,1441497600,0.00245,0.006372
272,2.43,2.53,2.43,2.49,1441584000,0.0,0.0
273,2.38,2.43,2.23,2.43,1441670400,0.009317,0.02277
274,1.0,1.0,0.0001,0.0001,1441756800,1.0,2.5
275,2.38,2.55,2.38,2.55,1441843200,0.0003827,0.0008037
276,2.12,2.6,2.12,2.6,1441929600,0.0006084,0.001435
277,2.42,2.53,2.38,2.38,1442016000,0.04318,0.09325
278,2.41,2.79,2.41,2.42,1442102400,2.34,5.06
279,2.39,2.41,2.31,2.41,1442188800,2.04,5.49
280,2.48,2.48,2.31,2.39,1442275200,10.79,25.46
281,2.44,2.65,2.41,2.48,1442361600,2.26,5.38
282,2.52,2.59,2.44,2.44,1442448000,0.3549,0.8696
283,2.48,2.52,2.38,2.52,1442534400,0.2906,0.6984
284,2.46,2.48,2.46,2.48,1442620800,18.14,44.95
285,2.43,2.48,2.4,2.46,1442707200,0.0002495,0.0005668
286,2.53,2.65,2.43,2.43,1442793600,0.0024,0.005565
287,2.51,2.58,2.39,2.53,1442880000,2.07,4.89
288,2.53,2.53,2.53,2.53,1442966400,3.52,8.39
289,2.45,2.5,2.42,2.42,1443052800,0.0,0.0
290,2.41,2.5,2.41,2.5,1443139200,0.0,0.0
291,2.36,2.39,2.36,2.38,1443225600,3.64,8.86
292,2.37,2.42,2.36,2.36,1443312000,0.6997,1.68
293,2.42,2.43,2.36,2.37,1443398400,23.06,55.81
294,2.42,2.45,2.36,2.36,1443484800,0.09204,0.2211
295,2.41,2.42,2.41,2.42,1443571200,0.01606,0.03783
296,2.34,2.41,2.3,2.41,1443657600,0.3969,0.95
297,2.4,2.4,2.25,2.34,1443744000,4.35,9.83
298,2.22,2.4,2.22,2.25,1443830400,2.14,4.83
299,2.24,2.48,2.15,2.22,1443916800,20.33,46.74
300,2.35,2.65,2.15,2.15,1444003200,19.06,44.28
301,2.53,2.55,2.38,2.38,1444089600,3.83,8.88
302,2.4,2.61,2.4,2.53,1444176000,10.15,24.53
303,2.6,2.61,2.39,2.4,1444262400,2.72,6.41
304,2.5,2.6,2.32,2.6,1444348800,1.14,2.69
305,2.4,2.4,2.32,2.32,1444435200,0.04993,0.1162
306,2.38,2.6,2.38,2.4,1444521600,0.2084,0.4767
307,2.33,2.6,2.33,2.38,1444608000,0.2066,0.4753
308,2.33,2.34,2.33,2.33,1444694400,2.53,5.91
309,2.37,2.37,2.33,2.33,1444780800,5.64,13.43
310,2.23,2.37,2.23,2.37,1444867200,4.94,11.45
311,2.34,2.37,2.23,2.23,1444953600,0.003123,0.007555
312,2.43,2.57,2.41,2.43,1445040000,16.76,40.56
313,2.41,2.43,2.41,2.43,1445126400,0.0,0.0
314,2.4,2.56,2.35,2.41,1445212800,0.04765,0.1164
315,2.45,2.45,2.36,2.4,1445299200,0.245,0.5906
316,2.43,2.46,2.32,2.45,1445385600,11.36,26.61
317,2.44,2.44,2.25,2.43,1445472000,17.81,43.09
318,2.32,2.44,2.32,2.44,1445558400,0.0,0.0
319,2.26,2.26,2.15,2.24,1445644800,3.83,9.12
320,2.25,2.36,2.16,2.26,1445731200,5.46,12.46
321,2.13,2.26,2.13,2.25,1445817600,10.42,22.46
322,2.04,2.18,2.0,2.13,1445904000,0.3359,0.7489
323,2.13,2.17,2.03,2.17,1445990400,0.00355,0.007611
324,2.36,2.4,2.03,2.06,1446076800,16.02,36.83
325,2.52,2.69,2.3,2.36,1446163200,4.44,10.74
326,2.28,2.66,2.28,2.52,1446249600,3.02,7.2
327,2.41,2.76,2.26,2.26,1446336000,1.43,3.49
328,2.53,2.53,2.3,2.45,1446422400,3.09,7.76
329,2.61,2.76,2.36,2.53,1446508800,190.54,467.52
330,2.57,2.61,2.27,2.61,1446595200,0.0005915,0.001411
331,2.34,2.57,2.3,2.57,1446681600,54.19,141.96
332,2.66,2.66,2.34,2.34,1446768000,55.18,145.16
333,2.64,2.64,2.42,2.59,1446854400,113.48,293.48
334,2.49,2.74,2.49,2.64,1446940800,16.01,41.78
335,2.56,2.66,2.46,2.49,1447027200,12.4,30.73
336,2.48,2.75,2.43,2.62,1447113600,0.005374,0.01256
337,2.18,2.49,2.18,2.48,1447200000,21.68,48.76
338,2.67,2.67,2.18,2.18,1447286400,7.21,17.13
339,2.5,2.62,2.45,2.57,1447372800,0.7227,1.7
340,2.55,2.75,2.54,2.67,1447459200,0.4421,1.11
341,2.37,2.55,2.37,2.55,1447545600,272.09,649.49
342,2.4,2.4,2.3,2.37,1447632000,4.23,9.79
343,2.28,2.44,2.28,2.4,1447718400,0.001484,0.003492
344,2.31,2.36,2.3,2.3,1447804800,1.1,2.63
345,2.29,2.29,2.29,2.29,1447891200,0.0,0.0
346,2.29,2.29,2.29,2.29,1447977600,0.0,0.0
347,2.29,2.29,2.28,2.28,1448064000,4.99,11.3
348,2.49,2.49,2.25,2.25,1448150400,8.9,19.09
349,2.18,2.18,2.16,2.16,1448236800,0.0,0.0
350,2.19,2.38,2.18,2.18,1448323200,2.49,5.32
351,2.16,2.38,2.16,2.38,1448409600,0.007588,0.01556
352,2.25,2.49,2.19,2.38,1448496000,4.91,10.98
353,2.23,2.23,2.23,2.23,1448582400,6.58,14.83
354,2.1,2.24,2.1,2.23,1448668800,2.81,5.9
355,2.21,2.21,2.1,2.1,1448755200,3.03,6.67
356,2.23,2.24,2.17,2.21,1448841600,0.748,1.65
357,2.2,2.24,2.12,2.23,1448928000,1.11,2.27
358,2.2,2.2,2.1,2.2,1449014400,10.22,22.25
359,2.38,2.48,2.19,2.2,1449100800,16.74,38.86
360,2.2,2.48,2.2,2.31,1449187200,1.94,4.75
361,2.2,2.4,2.2,2.4,1449273600,0.01053,0.02316
362,2.25,2.25,2.19,2.2,1449360000,8.02,19.8
363,2.0,2.38,2.0,2.22,1449446400,5.84,14.25
364,2.15,2.15,2.15,2.15,1449532800,0.0111,0.02525
365,2.13,2.4,2.13,2.15,1449619200,73.76,183.16
366,2.33,2.34,2.13,2.13,1449705600,3.01,7.68
367,2.34,2.34,2.09,2.33,1449792000,26.09,69.14
368,2.4,2.4,2.34,2.34,1449878400,21.87,57.74
369,2.5,2.5,2.24,2.4,1449964800,16.65,44.14
370,2.5,2.59,2.46,2.5,1450051200,5.67,16.32
371,2.45,2.57,2.45,2.5,1450137600,0.0,0.0
372,2.52,2.55,2.52,2.55,1450224000,21.25,57.94
373,2.57,2.57,2.35,2.35,1450310400,12.29,32.32
374,2.44,2.44,2.44,2.44,1450396800,4.66,13.12
375,2.54,2.7,2.54,2.6,1450483200,0.2928,0.8756
376,2.5,2.5,2.5,2.5,1450569600,1.18,3.19
377,2.4,2.69,2.4,2.52,1450656000,4.88,11.99
378,2.33,2.33,2.26,2.3,1450742400,4.93,12.45
379,2.47,2.64,2.47,2.58,1450828800,72.52,184.79
380,2.21,2.57,2.21,2.57,1450915200,605.76,1624.46
381,2.51,3.0,2.5,2.75,1451001600,130.7,359.26
382,2.65,2.65,2.55,2.57,1451088000,2.51,7.95
383,2.38,2.38,2.38,2.38,1451174400,0.01921,0.04863
384,2.33,2.33,2.33,2.33,1451260800,0.06635,0.196
385,2.57,2.79,2.4,2.7,1451347200,32.42,91.21
386,2.92,3.08,2.76,2.76,1451433600,37.55,134.26
387,2.7,3.18,2.7,2.92,1451520000,11.32,36.79
388,3.18,3.18,2.7,2.7,1451606400,20.65,63.07
389,3.0,3.0,2.73,2.78,1451692800,1.1,4.01
390,2.8,2.8,2.71,2.71,1451779200,0.009266,0.02731
391,2.7,2.98,2.7,2.8,1451865600,17.47,52.64
392,2.96,2.99,2.7,2.7,1451952000,0.01271,0.03825
393,2.8,2.9,2.8,2.9,1452038400,0.001059,0.003187
394,2.59,2.83,2.59,2.7,1452124800,0.2961,1.02
395,2.64,2.95,2.64,2.75,1452211200,10.19,35.25
396,2.49,3.0,2.49,2.64,1452297600,10.0,32.51
397,2.95,2.95,2.2,2.28,1452384000,52.86,162.82
398,2.46,2.95,2.38,2.95,1452470400,1.01,3.44
399,2.55,2.59,2.52,2.57,1452556800,96.22,332.8
400,2.39,2.55,2.39,2.55,1452643200,0.0,0.0
401,2.95,2.95,2.75,2.75,1452729600,165.18,556.75
402,3.5,3.65,3.22,3.65,1452816000,14.75,53.5
403,3.5,4.1,3.22,3.5,1452902400,64.08,248.47
404,5.0,5.0,3.5,3.5,1452988800,65.87,289.4
405,4.75,5.0,4.15,5.0,1453075200,723.96,3445.47
406,4.1,4.93,3.86,4.75,1453161600,32.51,153.31
407,4.6,4.73,3.86,4.1,1453248000,13.4,61.19
408,5.0,5.0,4.6,4.6,1453334400,71.97,356.51
409,5.88,5.9,4.58,5.0,1453420800,137.76,732.57
410,3.7,5.88,3.7,5.88,1453507200,167.34,772.22
411,4.9,5.5,3.7,3.7,1453593600,62.87,237.95
412,3.51,4.9,3.51,4.9,1453680000,106.81,413.42
413,4.7,4.7,3.51,3.51,1453766400,22.15,102.21
414,4.02,4.7,4.02,4.7,1453852800,1.61,6.78
415,4.02,4.34,4.02,4.02,1453939200,4.65,20.17
416,4.31,4.7,4.02,4.02,1454025600,1.42,6.47
417,4.02,4.31,4.02,4.31,1454112000,0.08247,0.5491
418,4.8,4.8,3.56,4.02,1454198400,3.16,13.22
419,3.56,4.8,3.56,4.8,1454284800,0.003168,0.01171
420,3.66,3.66,3.56,3.56,1454371200,0.02994,0.1093
421,3.9,4.12,3.66,3.66,1454457600,0.1274,0.4973
422,4.8,4.8,3.71,3.9,1454544000,0.03797,0.1589
423,4.6,4.8,3.99,4.8,1454630400,5.43,21.91
424,4.0,4.6,3.99,4.6,1454716800,5.75,23.0
425,4.2,4.2,3.99,4.0,1454803200,25.0,105.01
426,4.3,4.3,4.05,4.16,1454889600,190.63,774.09
427,4.01,4.3,4.01,4.3,1454976000,372.93,1495.46
428,4.08,4.09,3.85,4.01,1455062400,29.57,114.71
429,3.25,4.11,3.25,4.08,1455148800,136.06,486.79
430,3.8,4.16,3.25,3.25,1455235200,63.49,224.05
431,3.61,3.92,3.61,3.8,1455321600,99.87,372.1
432,3.7,3.92,3.61,3.61,1455408000,7.13,27.85
433,4.09,4.1,3.61,3.7,1455494400,76.26,301.85
434,3.7,4.09,3.7,4.09,1455580800,306.53,1182.54
435,3.9,3.9,3.48,3.7,1455667200,55.49,199.28
436,3.72,3.9,3.1,3.9,1455753600,54.21,180.26
437,3.58,3.72,3.51,3.72,1455840000,8.28,29.48
438,3.49,3.69,3.42,3.58,1455926400,17.13,60.99
439,4.1,4.25,3.49,3.49,1456012800,500.81,1974.08
440,4.22,4.22,3.79,4.1,1456099200,2.52,10.61
441,3.78,4.22,3.78,4.22,1456185600,29.6,112.46
442,4.0,4.19,3.71,3.78,1456272000,51.7,206.72
443,3.48,4.0,3.4,4.0,1456358400,301.17,1056.3
444,3.75,4.0,3.48,3.48,1456444800,907.39,3449.55
445,4.05,4.05,3.75,3.75,1456531200,30.11,120.43
446,4.0,4.1,3.81,4.05,1456617600,42.82,168.69
447,4.04,4.04,3.82,4.0,1456704000,28.87,113.48
448,3.99,4.05,3.85,4.04,1456790400,120.53,471.4
449,3.84,4.03,3.83,3.99,1456876800,67.43,265.47
450,4.6,4.6,3.8,3.84,1456963200,193.8,783.9
451,3.98,5.5,3.83,4.6,1457049600,195.35,897.59
452,4.71,5.5,3.98,3.98,1457136000,46.63,225.88
453,4.9,5.05,4.36,4.71,1457222400,56.67,272.59
454,4.28,4.9,4.28,4.9,1457308800,61.62,280.6
455,4.57,4.59,3.96,4.28,1457395200,9.6,40.68
456,4.27,4.89,4.26,4.57,1457481600,34.21,153.38
457,4.78,5.2,4.27,4.27,1457568000,107.42,538.43
458,5.05,5.3,4.78,4.78,1457654400,56.25,289.8
459,5.32,5.34,4.9,5.05,1457740800,92.09,470.89
460,5.45,6.02,5.26,5.32,1457827200,401.55,2234.27
461,5.47,5.9,5.32,5.45,1457913600,87.5,492.94
462,5.81,5.85,5.3,5.47,1458000000,66.49,373.58
463,6.27,6.55,5.71,5.81,1458086400,1898.67,11657.08
464,5.81,6.41,5.65,6.27,1458172800,65.02,385.61
465,5.88,6.1,5.66,1.0,1458259200,975.36,5715.14
466,6.0,6.1,5.88,5.88,1458345600,681.03,4044.89
467,5.9,6.15,5.8,6.0,1458432000,559.03,3385.77
468,6.2,6.4,5.9,5.9,1458518400,1148.5,7192.79
469,6.0,6.22,5.9,6.2,1458604800,903.44,5485.18
470,6.32,6.77,5.98,6.0,1458691200,1262.73,8122.2
471,6.71,6.77,6.26,6.32,1458777600,1128.32,7330.4
472,7.95,7.96,6.7,6.71,1458864000,1788.62,12705.02
473,7.11,7.95,7.0,7.95,1458950400,591.3,4262.77
474,7.16,7.35,6.8,7.11,1459036800,660.86,4699.82
475,7.06,7.49,6.42,7.16,1459123200,815.99,5593.12
476,6.93,7.24,6.9,7.06,1459209600,736.14,5165.42
477,7.0,7.28,6.9,6.93,1459296000,689.41,4807.94
478,6.98,7.05,6.72,7.0,1459382400,583.32,4040.75
479,7.05,7.05,6.69,6.98,1459468800,716.92,4922.28
480,7.13,7.19,6.97,7.05,1459555200,975.76,7042.11
481,6.93,7.13,6.65,7.13,1459641600,1178.88,7959.73
482,6.92,7.02,6.82,6.93,1459728000,724.29,5009.17
483,7.22,7.42,6.92,6.92,1459814400,839.27,6016.65
484,6.95,7.3,6.95,7.22,1459900800,822.99,5837.49
485,7.01,7.09,6.89,6.95,1459987200,750.41,5275.68
486,6.95,7.03,6.89,7.01,1460073600,752.52,5238.08
487,6.6,7.03,6.28,6.95,1460160000,1164.22,7901.43
488,6.55,7.0,6.13,6.6,1460246400,939.9,6152.37
489,6.52,6.59,6.35,6.55,1460332800,852.44,5519.34
490,6.39,6.54,6.27,6.52,1460419200,1044.66,6748.98
491,6.56,6.58,6.39,6.39,1460505600,1104.88,7203.09
492,6.42,6.58,6.36,6.56,1460592000,875.45,5642.89
493,5.99,6.47,5.93,6.42,1460678400,1261.28,7755.12
494,6.27,6.36,5.99,5.99,1460764800,1378.49,8434.26
495,6.43,6.44,6.17,6.27,1460851200,1138.44,7219.4
496,6.22,6.43,6.01,6.43,1460937600,829.94,5123.08
497,6.4,6.44,6.11,6.22,1461024000,1106.82,6960.77
498,6.2,6.49,6.2,6.4,1461110400,1216.36,7840.98
499,6.2,6.38,6.2,6.2,1461196800,1011.92,6387.56
500,6.29,6.37,6.11,6.2,1461283200,990.88,6162.53
501,6.4,6.4,6.13,6.29,1461369600,1013.23,6319.36
502,6.4,6.43,6.3,6.4,1461456000,847.81,5419.05
503,6.19,6.38,6.1,6.4,1461542400,1001.22,6247.8
504,5.95,6.19,5.73,6.19,1461628800,881.52,5262.29
505,6.34,6.57,5.84,5.95,1461715200,1069.84,6794.36
506,6.37,6.63,6.31,6.34,1461801600,916.42,5861.34
507,6.6,6.66,6.35,6.37,1461888000,964.68,6364.02
508,6.77,6.77,6.56,6.6,1461974400,1039.09,6891.94
509,6.71,6.91,6.62,6.77,1462060800,851.3,5758.46
510,6.82,6.85,6.64,6.71,1462147200,582.72,3926.82
511,6.85,6.85,6.71,6.82,1462233600,696.39,4733.4
512,6.87,6.88,6.75,6.85,1462320000,703.13,4794.85
513,6.76,6.88,6.76,6.87,1462406400,640.87,4373.84
514,6.59,6.81,6.59,6.76,1462492800,938.88,6343.6
515,6.53,6.75,6.35,6.59,1462579200,897.54,5919.22
516,6.57,6.76,6.48,6.53,1462665600,849.82,5599.01
517,6.59,6.73,6.47,6.57,1462752000,833.04,5495.19
518,6.75,6.75,6.5,6.59,1462838400,838.06,5509.36
519,6.66,6.8,6.57,6.75,1462924800,934.99,6280.66
520,6.73,6.85,6.63,6.66,1463011200,799.73,5392.72
521,6.9,6.95,6.73,6.73,1463097600,1139.97,7779.58
522,6.89,6.92,6.76,6.9,1463184000,887.68,6107.11
523,7.0,7.0,6.86,6.89,1463270400,985.51,6843.28
524,7.36,7.8,7.0,7.0,1463356800,1140.9,8439.27
525,7.31,7.37,7.22,7.36,1463443200,816.84,5942.29
526,7.31,7.32,7.24,7.31,1463529600,997.61,7258.19
527,7.64,7.8,7.27,7.31,1463616000,1247.42,9473.81
528,7.96,8.79,7.62,7.64,1463702400,1421.95,11436.75
529,8.24,8.34,7.63,7.96,1463788800,1298.99,9379.47
530,8.22,8.42,8.04,8.24,1463875200,712.84,5849.11
531,8.1,8.3,8.1,8.22,1463961600,169.97,1367.71
532,7.78,8.3,7.76,8.1,1464048000,912.49,7223.56
533,7.55,7.85,7.38,7.78,1464134400,979.25,7481.05
534,7.48,7.78,7.36,7.55,1464220800,765.8,5737.22
535,7.4,7.54,7.0,7.48,1464307200,1364.87,10026.27
536,7.49,7.82,7.28,7.4,1464393600,995.21,7434.59
537,8.0,8.2,7.49,7.49,1464480000,1209.15,9627.8
538,8.06,8.17,7.72,8.0,1464566400,954.64,7578.71
539,8.11,8.47,7.92,8.06,1464652800,1193.44,9700.31
540,8.05,8.2,7.92,8.11,1464739200,995.78,8038.39
541,8.1,8.18,7.82,8.05,1464825600,1028.76,8303.47
542,7.92,8.2,7.84,8.1,1464912000,1272.64,10291.32
543,8.06,8.07,7.56,7.92,1464998400,1407.81,11133.96
544,7.6,8.07,7.6,8.06,1465084800,1838.25,14451.14
545,7.6,7.8,7.55,7.6,1465171200,1401.09,10738.79
546,7.82,7.93,7.54,7.6,1465257600,1229.91,9511.65
547,7.87,7.98,7.7,7.82,1465344000,1144.36,9050.32
548,7.85,7.97,7.75,7.87,1465430400,998.5,7830.1
549,8.07,8.07,7.8,7.85,1465516800,924.51,7328.4
550,7.78,8.0,7.62,8.07,1465603200,676.1,5265.45
551,7.42,7.92,7.36,7.78,1465689600,4921.07,37397.24
552,7.55,7.74,7.36,7.42,1465776000,2208.8,16964.0
553,7.93,8.05,7.5,7.55,1465862400,2907.71,22514.13
554,8.11,8.33,7.9,7.93,1465948800,1457.28,11936.47
555,8.45,8.45,8.02,8.11,1466035200,1904.81,15844.61
556,8.24,8.77,8.1,8.45,1466121600,3012.1,25685.27
557,8.02,8.42,8.02,8.24,1466208000,1689.37,13993.4
558,7.82,8.63,7.79,8.02,1466294400,10632.2,86911.98
559,8.08,8.1,7.8,7.82,1466380800,5377.03,42519.9
560,7.6,8.24,7.6,8.08,1466467200,2035.72,15895.1
561,7.51,7.9,7.5,7.6,1466553600,2814.39,22035.03
562,7.3,7.67,6.87,7.35,1466640000,1513.37,11076.47
563,7.06,7.54,6.84,7.51,1466726400,2700.84,19473.9
564,6.79,7.15,6.56,7.06,1466812800,3129.39,21572.28
565,6.7,7.08,6.7,6.79,1466899200,1573.11,10863.24
566,7.0,7.0,6.56,6.7,1466985600,1321.64,8964.17
567,7.0,7.3,6.82,7.0,1467072000,1189.77,8509.57
568,6.97,7.02,6.8,7.0,1467158400,1353.95,9382.83
569,7.05,7.14,6.85,6.97,1467244800,1751.4,12301.75
570,7.14,7.2,7.01,7.05,1467331200,1741.99,12481.17
571,7.1,7.42,7.09,7.14,1467417600,1539.9,11087.66
572,7.0,7.37,6.92,7.1,1467504000,1393.55,9864.6
573,6.92,7.16,6.9,7.0,1467590400,1318.99,9222.64
574,6.83,7.05,6.83,6.92,1467676800,1166.79,8085.24
575,6.96,7.16,6.83,6.83,1467763200,1316.14,9196.83
576,7.04,7.1,6.7,6.96,1467849600,1214.47,8431.88
577,7.38,7.38,6.97,7.04,1467936000,1478.32,10518.65
578,7.28,7.4,7.05,7.38,1468022400,1641.32,11876.97
579,7.39,7.48,7.23,7.28,1468108800,1393.79,10248.88
580,7.89,7.91,7.39,7.39,1468195200,1681.26,13147.48
581,7.84,8.2,7.8,7.89,1468281600,1354.07,10810.99
582,7.88,8.08,7.6,7.84,1468368000,1223.99,9540.44
583,7.86,7.93,7.75,7.88,1468454400,1204.25,9407.54
584,7.94,8.25,7.74,7.86,1468540800,1358.85,10727.39
585,8.15,8.25,7.92,7.94,1468627200,1632.59,13286.14
586,8.07,8.23,7.9,8.15,1468713600,1325.19,10817.74
587,8.07,8.29,8.04,8.07,1468800000,1134.78,9232.92
588,8.4,8.49,8.07,8.07,1468886400,2311.23,19368.14
589,8.4,8.49,8.23,8.4,1468972800,1566.57,13104.76
590,8.8,8.8,8.3,8.4,1469059200,2093.82,17787.3
591,9.33,9.49,8.8,8.8,1469145600,1455.36,13505.98
592,9.15,9.43,8.99,9.33,1469232000,1128.41,10355.84
593,9.18,9.35,8.98,9.15,1469318400,1243.36,11454.13
594,8.95,9.26,8.59,9.18,1469404800,1334.05,12056.29
595,8.59,9.14,8.51,8.95,1469491200,2627.47,23442.68
596,9.03,9.14,8.58,8.59,1469577600,1431.96,12839.17
597,9.26,9.35,9.12,9.29,1469664000,110.13,1013.06
598,9.38,9.5,9.2,9.26,1469750400,81.73,768.29
599,9.24,9.51,9.21,9.38,1469836800,72.31,675.8
600,9.55,9.55,9.01,9.24,1469923200,229.83,2138.5
601,9.5,10.99,9.29,9.03,1470009600,1324.37,13105.15
602,9.75,10.2,8.74,9.5,1470096000,2623.35,24814.51
603,9.03,9.53,8.83,9.75,1470182400,2441.11,22463.2
604,9.33,9.5,9.03,9.03,1470268800,1594.72,14987.11
605,9.58,9.61,9.25,9.33,1470355200,1069.59,10147.47
606,10.5,10.5,9.49,9.58,1470441600,1639.32,16119.75
607,10.23,10.54,10.17,10.5,1470528000,1478.64,15540.77
608,10.45,10.47,10.0,10.23,1470614400,1315.54,13655.62
609,10.1,10.56,10.07,10.45,1470700800,1956.75,20485.07
610,10.5,10.5,10.07,10.1,1470787200,1633.77,17015.69
611,10.95,10.95,10.25,10.5,1470873600,2226.83,23730.36
612,12.6,12.72,10.5,10.95,1470960000,2314.32,26867.18
613,12.8,13.5,12.07,12.6,1471046400,2906.44,36950.22
614,14.0,15.1,12.74,12.8,1471132800,5066.75,70501.94
615,13.0,15.0,12.47,14.0,1471219200,3278.45,44271.2
616,13.1,13.33,11.6,13.0,1471305600,2774.61,33512.04
617,12.26,13.1,12.25,13.1,1471392000,2240.47,27994.41
618,13.99,14.0,12.19,12.26,1471478400,3841.99,49576.48
619,13.65,14.75,12.96,13.99,1471564800,3376.65,46682.71
620,12.85,13.85,12.7,13.65,1471651200,2554.68,33869.59
621,13.2,13.65,12.85,12.85,1471737600,2013.82,26686.11
622,13.72,14.2,12.97,13.2,1471824000,2645.76,36950.34
623,13.1,14.19,12.55,13.72,1471910400,2829.14,37750.14
624,13.34,13.49,12.9,13.1,1471996800,1229.52,16288.64
625,12.4,13.46,12.2,13.34,1472083200,2715.32,34695.59
626,12.55,12.71,11.97,12.4,1472169600,1668.47,20727.64
627,12.57,12.83,12.15,12.55,1472256000,4663.87,58998.97
628,12.1,12.89,12.1,12.57,1472342400,4444.32,55882.14
629,11.7,12.6,10.85,12.1,1472428800,5104.77,60197.22
630,11.71,11.96,11.22,11.7,1472515200,1549.25,17975.4
631,11.59,12.24,11.42,11.71,1472601600,4845.03,57771.22
632,11.29,11.72,11.29,11.59,1472688000,2731.57,31676.12
633,11.4,11.52,11.18,11.29,1472774400,1626.06,18541.33
634,11.15,11.44,11.0,11.4,1472860800,3514.98,39665.71
635,11.44,11.44,10.55,11.15,1472947200,2676.88,29770.1
636,11.26,11.75,11.1,11.44,1473033600,1842.2,20945.08
637,10.95,11.3,10.95,11.26,1473120000,1365.9,15224.1
638,11.08,11.22,10.81,10.95,1473206400,1302.37,14338.04
639,11.32,11.51,11.01,11.08,1473292800,1503.33,17006.85
640,11.23,11.55,11.01,11.32,1473379200,1444.39,16399.97
641,11.12,11.3,10.9,11.23,1473465600,1272.89,14200.66
642,11.25,11.47,11.03,11.12,1473552000,1666.53,18833.9
643,12.2,12.95,11.07,11.25,1473638400,2994.73,35606.69
644,12.3,12.45,12.13,12.2,1473724800,1207.2,14858.4
645,12.75,13.03,12.3,12.3,1473811200,2040.84,26184.77
646,12.3,12.82,12.28,12.75,1473897600,1396.68,17647.85
647,11.9,12.48,11.77,12.3,1473984000,1351.64,16470.42
648,11.82,12.1,11.73,11.9,1474070400,1375.44,16306.28
649,11.79,11.95,11.77,11.82,1474156800,1146.53,13561.66
650,11.6,11.84,11.51,11.79,1474243200,1294.2,15115.54
651,11.4,11.69,11.4,11.6,1474329600,2869.07,32715.11
652,11.58,11.85,11.3,11.4,1474416000,1188.79,13653.32
653,11.58,11.7,11.45,11.58,1474502400,1239.94,14346.17
654,11.59,11.7,11.52,11.58,1474588800,1391.89,16140.87
655,11.45,11.7,11.45,11.59,1474675200,1069.86,12377.81
656,11.54,11.65,11.35,11.45,1474761600,943.74,10868.58
657,11.58,11.65,11.44,11.54,1474848000,1024.81,11817.29
658,11.7,11.7,11.44,11.58,1474934400,1172.86,13511.39
659,11.61,11.74,11.48,11.7,1475020800,1016.64,11806.96
660,11.81,12.1,11.55,11.61,1475107200,1600.55,18810.96
661,12.05,12.27,11.73,11.81,1475193600,1936.48,23199.72
662,11.7,12.11,11.6,12.05,1475280000,1278.84,15200.55
663,11.58,11.83,11.56,11.7,1475366400,1064.91,12467.74
664,11.65,12.28,11.62,11.58,1475452800,1540.77,18470.21
665,11.92,12.0,11.6,11.65,1475539200,2128.34,25218.11
666,11.9,11.96,11.77,11.92,1475625600,1238.32,14742.04
667,11.91,12.09,11.85,11.9,1475712000,1802.66,22599.52
668,11.85,11.98,11.78,11.91,1475798400,1484.97,17637.6
669,11.77,11.97,11.75,11.85,1475884800,1135.63,13457.18
670,11.76,11.89,11.56,11.77,1475971200,1579.6,18499.11
671,11.6,11.76,11.59,11.76,1476057600,1216.6,14213.22
672,11.56,11.77,11.46,11.6,1476144000,1365.34,15954.52
673,11.47,11.83,11.4,11.56,1476230400,1840.14,21350.83
674,11.53,11.59,11.42,11.47,1476316800,1070.61,12318.77
675,11.5,11.65,11.43,11.53,1476403200,1326.21,15288.82
676,11.22,11.56,11.13,11.5,1476489600,2019.67,22981.76
677,10.91,11.37,10.91,11.22,1476576000,2328.53,25971.94
678,10.68,10.95,10.59,10.91,1476662400,1370.31,14705.62
679,10.22,10.75,10.0,10.68,1476748800,1958.48,20317.1
680,10.46,10.68,10.1,10.22,1476835200,1138.22,11651.51
681,10.76,10.85,10.31,10.46,1476921600,1228.53,13090.92
682,10.6,10.77,10.48,10.76,1477008000,1577.45,16812.43
683,10.3,10.75,10.25,10.6,1477094400,1884.55,19811.89
684,9.86,10.52,9.84,10.3,1477180800,3961.52,40298.08
685,9.92,10.23,9.79,9.86,1477267200,2196.31,21896.09
686,9.36,9.98,9.1,9.92,1477353600,2247.92,21610.17
687,9.28,9.61,8.97,9.36,1477440000,3165.58,29174.63
688,9.5,9.88,9.07,9.28,1477526400,2876.76,27429.21
689,9.12,9.67,9.1,9.5,1477612800,1604.95,15010.51
690,8.47,9.62,7.53,9.12,1477699200,5976.77,51086.69
691,9.47,9.58,8.46,8.47,1477785600,1799.73,16326.82
692,9.03,9.69,8.79,9.47,1477872000,2794.84,26390.58
693,9.06,9.2,8.56,9.03,1477958400,3772.1,33896.43
694,9.01,9.35,8.68,9.06,1478044800,3282.43,29551.83
695,8.84,9.36,8.81,9.01,1478131200,4916.47,44720.41
696,9.1,9.24,8.47,8.84,1478217600,3361.32,30368.96
697,9.16,9.17,8.91,9.1,1478304000,1873.54,16959.65
698,9.23,9.47,9.01,9.16,1478390400,3260.7,30258.46
699,9.73,9.76,9.24,9.23,1478476800,2314.25,21885.95
700,9.63,10.42,9.58,9.73,1478563200,5311.1,53190.26
701,9.7,9.89,9.29,9.63,1478649600,3367.27,32359.11
702,9.57,9.75,9.5,9.7,1478736000,1969.81,18926.44
703,9.65,9.75,9.38,9.57,1478822400,1743.96,16623.43
704,9.58,9.83,9.37,9.65,1478908800,4845.06,46891.75
705,9.43,9.76,9.31,9.58,1478995200,2839.46,27046.59
706,9.6,9.7,9.46,9.43,1479081600,1756.7,16813.34
707,9.5,9.72,9.48,9.6,1479168000,1486.66,14278.22
708,9.29,9.6,8.96,9.5,1479254400,3070.13,28669.56
709,9.11,9.39,9.03,9.29,1479340800,1259.82,11520.58
710,8.9,9.17,8.71,9.11,1479427200,2139.63,19204.23
711,8.48,8.88,8.3,8.9,1479513600,5679.4,48763.58
712,8.5,8.64,8.32,8.48,1479600000,1642.32,13909.07
713,8.54,8.64,8.35,8.5,1479686400,1600.56,13656.22
714,8.67,8.86,8.48,8.54,1479772800,1871.61,16280.43
715,8.52,8.72,8.51,8.67,1479859200,1539.56,13212.55
716,9.04,9.13,8.34,8.52,1479945600,3263.0,28681.53
717,9.01,9.17,8.72,9.04,1480032000,3087.05,27689.94
718,8.98,9.07,8.74,9.01,1480118400,1505.19,13456.99
719,9.01,9.08,8.76,8.98,1480204800,2004.13,17964.98
720,9.0,9.08,8.89,9.01,1480291200,1368.02,12270.65
721,8.82,9.0,8.74,9.0,1480377600,1430.8,12620.37
722,8.96,8.96,8.72,8.82,1480464000,1052.62,9319.93
723,8.63,8.93,8.49,8.96,1480550400,1624.87,14097.65
724,8.57,8.83,8.5,8.63,1480636800,1781.7,15352.49
725,8.72,8.76,8.54,8.57,1480723200,1488.06,12894.63
726,8.66,8.9,8.6,8.72,1480809600,1334.45,11680.12
727,8.55,8.85,8.4,8.66,1480896000,2090.26,17885.18
728,8.6,8.68,8.41,8.55,1480982400,1718.21,14677.53
729,8.63,8.78,8.51,8.6,1481068800,1265.15,10922.61
730,8.67,8.8,8.55,8.63,1481155200,1032.84,8931.26
731,8.68,8.76,8.57,8.67,1481241600,1049.44,9114.55
732,8.84,8.87,8.65,8.68,1481328000,1469.15,12935.32
733,9.34,9.59,8.72,8.84,1481414400,2427.23,22179.72
734,9.08,9.54,9.0,9.34,1481500800,1448.23,13442.48
735,9.24,9.35,8.96,9.08,1481587200,3506.18,32467.35
736,9.25,9.39,9.18,9.24,1481673600,1293.35,12043.96
737,9.35,9.44,9.08,9.25,1481760000,1316.45,12195.26
738,9.75,9.87,9.19,9.35,1481846400,2322.05,22229.81
739,9.52,9.85,9.44,9.75,1481932800,1333.27,12811.68
740,9.84,9.88,9.5,9.52,1482019200,2729.75,26633.16
741,10.14,10.47,9.8,9.84,1482105600,4271.75,43361.93
742,10.17,10.55,10.09,10.14,1482192000,5157.88,53132.14
743,9.84,10.22,9.67,10.17,1482278400,3227.25,32063.53
744,9.7,9.85,9.11,9.84,1482364800,3577.39,34261.21
745,9.31,9.76,9.1,9.7,1482451200,4437.74,41817.17
746,9.68,9.98,9.31,9.31,1482537600,3883.73,37570.03
747,9.85,9.95,9.56,9.68,1482624000,2677.51,26170.35
748,9.71,10.04,9.68,9.85,1482710400,1790.99,17691.03
749,9.53,9.92,9.43,9.71,1482796800,3591.29,34881.45
750,9.86,10.17,9.48,9.53,1482883200,4576.21,45352.67
751,10.56,10.97,9.66,9.86,1482969600,5086.89,53030.27
752,10.92,11.32,10.42,10.56,1483056000,5589.32,61099.05
753,11.13,11.24,10.47,10.92,1483142400,1873.07,20801.59
754,11.06,11.33,10.76,11.13,1483228800,2769.62,30755.08
755,11.62,11.74,10.99,11.06,1483315200,3328.01,38156.95
756,12.22,12.73,11.52,11.62,1483401600,4906.42,60370.12
757,15.49,23.91,12.06,12.22,1483488000,22284.23,341735.59
758,13.63,15.99,12.35,15.49,1483574400,10862.71,155704.82
759,11.21,14.4,10.5,13.63,1483660800,9966.18,124433.13
760,11.72,12.95,10.43,11.21,1483747200,6367.71,74534.54
761,12.31,12.8,11.79,11.72,1483833600,3545.93,43946.29
762,12.12,12.5,11.92,12.31,1483920000,2347.8,28824.64
763,12.16,12.44,11.93,12.12,1484006400,2374.23,29131.16
764,11.14,12.5,10.67,12.16,1484092800,5999.97,69773.15
765,12.17,12.34,10.79,11.14,1484179200,4691.19,54399.67
766,12.35,12.48,11.62,12.17,1484265600,2859.91,34219.8
767,12.25,12.4,12.07,12.35,1484352000,2028.04,24896.18
768,12.26,12.39,12.22,12.25,1484438400,1595.22,19628.62
769,12.8,12.9,12.17,12.26,1484524800,2159.81,26963.29
770,14.04,14.15,12.63,12.8,1484611200,4883.54,66995.89
771,13.79,14.08,13.49,14.04,1484697600,5040.01,69734.05
772,15.01,15.07,13.73,13.79,1484784000,5611.71,82157.02
773,14.9,15.4,14.66,15.01,1484870400,6285.49,95138.33
774,14.79,15.29,14.62,14.9,1484956800,2250.15,33682.89
775,14.98,15.3,14.76,14.79,1485043200,3166.47,47709.32
776,15.03,15.1,14.83,14.98,1485129600,1833.11,27460.0
777,14.03,15.09,13.3,15.03,1485216000,9569.28,135909.83
778,14.26,14.5,13.72,14.03,1485302400,2961.95,41745.03
779,14.75,14.75,14.24,14.26,1485388800,1992.4,28962.84
780,15.13,15.3,14.73,14.75,1485475200,3326.57,50023.06
781,15.09,15.19,14.88,15.13,1485561600,2763.14,41645.57
782,15.27,15.33,14.93,15.09,1485648000,2259.19,34201.1
783,15.79,16.02,15.19,15.27,1485734400,4392.89,69168.42
784,15.94,16.13,15.67,15.79,1485820800,3297.05,52398.18
785,15.69,16.01,15.45,15.94,1485907200,2853.16,44842.0
786,16.01,16.01,15.52,15.69,1485993600,2414.1,38290.39
787,16.9,17.2,15.93,16.01,1486080000,4862.51,81203.93
788,16.88,17.17,16.71,16.9,1486166400,1976.04,33545.36
789,16.51,17.05,16.27,16.88,1486252800,5320.13,89036.04
790,16.5,16.71,16.19,16.51,1486339200,2465.77,40715.56
791,16.82,17.12,16.42,16.5,1486425600,3093.31,52417.81
792,16.89,16.94,16.48,16.82,1486512000,2347.11,39390.99
793,16.05,17.04,15.33,16.89,1486598400,8295.05,133654.93
794,16.91,17.14,15.9,16.05,1486684800,2768.06,45709.56
795,17.06,17.17,16.76,16.91,1486771200,1575.65,26841.1
796,16.81,17.1,16.64,17.06,1486857600,1214.99,20502.86
797,16.72,16.91,16.44,16.81,1486944000,917.14,15374.74
798,18.04,18.28,16.6,16.72,1487030400,3481.8,60683.81
799,19.39,19.52,17.59,18.04,1487116800,5216.79,98106.55
800,19.27,19.74,18.85,19.39,1487203200,4318.96,84089.77
801,19.75,19.84,18.99,19.27,1487289600,5190.46,102063.58
802,21.07,21.32,19.62,19.75,1487376000,10209.92,210927.14
803,22.22,23.49,20.94,21.07,1487462400,14178.97,318317.76
804,21.17,23.39,20.59,22.22,1487548800,8652.65,188208.34
805,20.86,21.62,20.0,21.17,1487635200,8643.52,182001.85
806,21.5,21.93,20.5,20.86,1487721600,7193.8,154431.01
807,24.42,24.67,21.47,21.5,1487808000,11701.73,274792.17
808,25.52,29.32,23.01,24.42,1487894400,21648.93,575687.51
809,26.6,27.32,23.11,25.52,1487980800,19731.68,498180.04
810,27.64,27.86,25.34,26.6,1488067200,12706.54,347012.97
811,27.92,28.5,27.29,27.64,1488153600,12850.88,360323.86
812,32.43,33.77,27.64,27.92,1488240000,31085.78,961649.43
813,41.4,47.97,32.01,32.43,1488326400,89601.16,3566305.03
814,42.13,59.03,35.18,41.4,1488412800,185573.81,8964121.88
815,47.25,51.29,38.01,42.13,1488499200,83784.78,3826410.45
816,43.02,47.99,43.02,47.25,1488585600,41434.11,1910460.33
817,42.0,45.04,39.01,43.02,1488672000,32217.35,1345121.04
818,45.8,46.78,41.93,42.0,1488758400,31625.6,1428412.94
819,45.41,46.42,42.6,45.8,1488844800,21610.64,981918.99
820,41.33,45.55,41.29,45.41,1488931200,18584.14,811950.23
821,50.39,53.04,40.54,41.33,1489017600,69564.45,3394281.96
822,49.67,54.52,45.11,50.39,1489104000,69846.94,3574286.39
823,72.56,73.98,48.86,49.67,1489190400,142298.07,9185985.47
824,76.03,79.42,65.8,72.56,1489276800,88517.21,6411202.37
825,74.64,80.97,70.18,76.03,1489363200,76603.19,5825294.77
826,87.69,90.94,72.89,74.64,1489449600,73974.35,6085817.8
827,96.0,100.62,84.62,87.69,1489536000,129564.44,12432135.33
828,89.49,98.61,79.16,96.0,1489622400,131496.81,11607605.44
829,98.52,99.0,81.75,89.49,1489708800,92774.45,8454184.82
830,108.74,126.11,95.1,98.52,1489795200,163510.68,17329417.55
831,108.59,114.86,97.89,108.74,1489881600,85743.13,8954933.52
832,101.87,110.89,101.05,108.59,1489968000,41708.05,4398180.38
833,98.08,105.95,90.92,101.87,1490054400,89796.51,8726589.62
834,103.45,110.21,93.02,98.08,1490140800,80605.7,8181640.73
835,102.43,105.07,100.61,103.45,1490227200,22560.77,2275222.16
836,101.94,108.6,99.92,102.43,1490313600,65849.43,6660359.52
837,94.99,103.14,92.4,101.94,1490400000,43798.4,4212262.63
838,94.13,96.87,91.92,94.99,1490486400,30069.2,2799712.86
839,84.99,94.09,77.87,94.13,1490572800,108849.49,9199366.03
840,87.66,90.15,81.03,84.99,1490659200,38906.51,3351067.14
841,84.76,87.81,83.04,87.66,1490745600,33240.69,2806488.89
842,78.45,85.22,75.09,84.76,1490832000,66411.48,5287856.54
843,72.4,78.61,60.44,78.45,1490918400,124169.8,8655331.46
844,67.42,72.82,66.01,72.4,1491004800,34032.37,2333375.29
845,56.0,70.08,53.34,67.42,1491091200,103641.07,6403439.83
846,62.45,65.52,46.23,56.0,1491177600,158815.86,9235203.63
847,68.64,72.05,57.46,62.45,1491264000,87044.59,5778430.23
848,74.04,77.68,65.01,68.64,1491350400,75813.92,5517418.64
849,66.06,74.09,63.62,74.04,1491436800,48960.87,3370017.1
850,66.14,70.17,64.74,66.06,1491523200,26608.93,1804603.76
851,67.24,69.95,65.73,66.14,1491609600,19376.38,1326764.74
852,65.04,68.52,64.27,67.24,1491696000,14507.55,969924.83
853,61.39,65.81,59.11,65.04,1491782400,30582.44,1936821.23
854,60.87,62.8,59.64,61.39,1491868800,30281.68,1871618.4
855,67.4,68.68,59.01,60.87,1491955200,58194.28,3799122.54
856,72.81,77.19,65.72,67.4,1492041600,66038.33,4786671.51
857,71.8,74.15,68.89,72.81,1492128000,41014.41,2950496.91
858,74.71,78.25,69.12,71.8,1492214400,32758.44,2469963.05
859,75.19,76.8,73.79,74.71,1492300800,18529.83,1415891.4
860,75.44,76.8,73.74,75.19,1492387200,14970.35,1147494.8
861,72.47,76.39,70.57,75.44,1492473600,25628.89,1921298.6
862,72.34,75.36,72.13,72.47,1492560000,13668.48,1039570.78
863,71.04,72.8,70.09,72.34,1492646400,14006.22,1028322.3
864,70.84,72.98,70.21,71.04,1492732800,14866.32,1112187.72
865,70.96,72.45,70.31,70.84,1492819200,10607.96,790986.94
866,70.24,71.8,69.68,70.96,1492905600,11962.7,887810.55
867,71.63,71.68,69.22,70.24,1492992000,12457.69,921682.71
868,71.2,72.87,70.75,71.63,1493078400,12345.69,933409.29
869,71.31,71.64,69.81,71.2,1493164800,16075.11,1178753.47
870,77.71,79.7,70.06,71.31,1493251200,45237.56,3574343.6
871,78.55,80.23,74.68,77.71,1493337600,27394.94,2218295.83
872,93.07,98.92,78.39,78.55,1493424000,95228.03,9196030.44
873,89.36,95.74,87.15,93.07,1493510400,30271.61,2921458.85
874,84.77,93.67,81.33,89.36,1493596800,46176.7,4338179.8
875,83.73,86.89,79.78,84.77,1493683200,31653.12,2854593.27
876,85.59,88.08,81.36,83.73,1493769600,33587.91,3055205.86
877,86.45,93.5,82.84,85.59,1493856000,59474.54,5622094.44
878,92.55,98.45,86.52,86.45,1493942400,54685.04,5473813.99
879,94.38,96.52,91.24,92.55,1494028800,16852.77,1653372.53
880,100.93,105.8,91.81,94.38,1494115200,49585.63,5083369.11
881,95.87,101.82,92.05,100.93,1494201600,32796.49,3278683.45
882,86.73,98.26,78.27,95.87,1494288000,53513.0,4770114.18
883,87.65,92.14,85.14,86.73,1494374400,15562.52,1422721.13
884,88.63,90.66,86.65,87.65,1494460800,12684.16,1158432.15
885,85.23,90.62,82.64,88.63,1494547200,15647.76,1388110.7
886,86.99,88.31,81.46,85.23,1494633600,16018.76,1394631.82
887,87.28,89.8,86.28,86.99,1494720000,5864.87,524652.16
888,88.75,88.82,79.89,87.28,1494806400,20932.04,1805422.87
889,83.32,88.99,81.94,88.75,1494892800,13363.71,1156055.63
890,81.85,84.88,76.48,83.32,1494979200,30714.53,2572808.25
891,87.19,87.89,80.46,81.85,1495065600,19750.06,1723119.39
892,96.14,100.04,84.43,87.19,1495152000,48697.54,4587375.34
893,97.39,104.12,95.91,96.14,1495238400,28384.64,2896280.96
894,99.85,101.83,95.51,97.39,1495324800,21709.65,2152572.68
895,119.34,147.68,95.77,99.85,1495411200,159568.63,19157543.41
896,131.8,142.05,115.86,119.34,1495497600,57795.27,7622191.73
897,142.5,152.2,131.8,131.8,1495584000,71333.43,10368026.32
898,115.71,145.14,113.73,142.5,1495670400,73226.53,9608759.29
899,108.95,137.94,102.58,115.71,1495756800,40583.09,4878280.24
900,96.58,116.56,81.06,108.95,1495843200,57667.06,5550413.52
901,104.97,114.71,96.51,96.51,1495929600,31427.77,3306402.78
902,114.1,116.56,102.74,104.97,1496016000,28998.3,3198488.38
903,119.19,125.65,111.45,114.1,1496102400,37405.36,4412151.51
904,132.69,139.53,114.99,119.19,1496188800,41642.91,5343123.32
905,133.53,144.53,129.01,132.69,1496275200,34033.8,4651502.72
906,142.91,142.96,132.32,133.53,1496361600,19951.6,2743302.2
907,140.9,145.88,138.87,142.91,1496448000,14064.89,2001939.96
908,141.66,142.16,137.85,140.9,1496534400,9680.45,1353203.71
909,143.89,143.95,139.46,141.66,1496620800,16028.73,2262017.85
910,140.87,144.59,128.75,143.89,1496707200,48908.03,6824769.82
911,138.41,149.8,133.13,140.87,1496793600,34613.27,5003138.44
912,141.22,143.78,136.3,138.41,1496880000,11326.26,1592443.77
913,144.86,146.54,139.73,141.22,1496966400,14973.87,2184948.77
914,148.47,150.33,143.48,144.86,1497052800,18680.5,2747721.03
915,181.73,196.79,148.01,148.47,1497139200,111391.04,20168207.15
916,167.8,191.69,150.54,181.73,1497225600,56150.32,9587165.38
917,180.21,181.24,166.51,167.8,1497312000,30227.63,5336909.83
918,163.26,190.76,154.54,180.21,1497398400,60057.41,10206940.26
919,161.08,165.54,142.74,163.26,1497484800,37316.85,5531541.82
920,162.18,166.21,155.12,161.08,1497571200,17318.9,2750751.48
921,175.27,181.98,158.46,162.18,1497657600,38718.38,6765618.37
922,187.06,190.56,170.17,175.27,1497744000,30549.45,5497646.58
923,194.5,198.63,185.18,187.06,1497830400,42120.83,8172960.87
924,188.17,196.67,176.16,194.5,1497916800,24657.12,4696461.43
925,178.96,196.18,172.71,188.17,1498003200,22007.61,4057910.48
926,180.85,185.56,176.69,178.96,1498089600,13827.71,2499880.48
927,184.69,189.03,179.84,180.85,1498176000,10672.86,1971365.2
928,177.99,185.37,174.98,184.69,1498262400,11784.23,2113730.54
929,169.59,180.72,163.79,177.99,1498348800,16508.87,2778871.34
930,160.72,172.13,140.26,169.59,1498435200,29990.32,4583850.65
931,172.98,173.08,150.71,160.72,1498521600,24172.39,3797449.33
932,179.62,184.35,168.47,172.98,1498608000,23254.7,4132571.43
933,172.13,181.59,171.74,179.62,1498694400,21603.24,3765490.31
934,173.7,179.39,171.41,172.13,1498780800,21017.08,3720903.96
935,162.01,177.54,159.0,173.7,1498867200,15526.2,2610678.06
936,169.78,171.37,159.11,162.01,1498953600,16785.9,2780010.44
937,178.55,181.05,166.42,169.78,1499040000,21028.05,3680356.59
938,181.4,186.35,176.96,178.55,1499126400,19694.83,3601683.93
939,204.92,209.24,178.02,181.4,1499212800,56009.5,11075155.43
940,207.71,222.0,198.19,204.92,1499299200,58509.07,12364584.34
941,190.59,208.33,185.47,207.71,1499385600,35238.01,6873223.83
942,208.1,208.48,175.66,190.59,1499472000,30690.29,6085097.2
943,195.49,209.98,195.24,208.1,1499558400,20954.71,4247601.33
944,174.07,198.41,168.56,195.49,1499644800,35639.41,6553855.02
945,162.62,179.12,156.51,174.07,1499731200,45153.25,7394960.08
946,177.73,179.02,157.67,162.62,1499817600,28378.64,4867059.25
947,167.74,180.54,165.57,177.73,1499904000,24955.99,4296896.98
948,159.51,173.47,154.9,167.74,1499990400,27812.33,4523117.42
949,141.88,161.7,139.66,159.51,1500076800,39573.38,5812805.43
950,131.35,145.91,118.81,141.88,1500163200,63915.75,8363846.66
951,149.99,150.65,131.35,131.35,1500249600,38283.22,5464044.24
952,154.61,163.14,144.39,149.99,1500336000,32977.66,5103146.16
953,153.52,169.31,151.69,154.61,1500422400,23485.65,3794440.38
954,182.7,191.94,153.52,153.52,1500508800,69795.3,12743123.97
955,182.04,191.2,177.56,182.7,1500595200,24589.15,4653933.46
956,190.17,190.42,180.34,182.04,1500681600,22214.61,4239616.99
957,188.71,191.48,184.75,190.17,1500768000,20146.75,3859191.65
958,201.48,212.04,183.46,188.71,1500854400,61664.35,12635651.58
959,193.45,208.32,179.19,201.48,1500940800,51498.12,10144686.67
960,192.22,204.6,185.71,193.45,1501027200,28430.1,5493107.14
961,193.71,199.4,190.22,192.22,1501113600,20911.96,4067354.38
962,184.58,197.69,179.97,193.71,1501200000,24301.85,4563945.32
963,185.5,186.73,168.29,184.58,1501286400,29988.88,5287873.65
964,171.41,188.29,170.19,185.5,1501372800,21082.16,3724980.58
965,175.72,178.86,170.4,171.41,1501459200,23227.69,4043191.36
966,184.04,185.89,174.37,175.72,1501545600,36817.7,6623496.84
967,181.6,198.06,178.18,184.04,1501632000,17192.55,3145253.35
968,187.64,190.66,177.37,181.6,1501718400,20991.67,3870235.33
969,187.09,191.71,184.8,187.64,1501804800,17832.59,3366678.06
970,192.0,196.4,183.44,187.09,1501891200,29712.47,5674366.75
971,188.77,194.24,187.03,192.0,1501977600,17499.96,3348779.74
972,196.64,199.5,186.21,188.77,1502064000,26162.65,5071813.83
973,203.31,204.33,192.93,196.64,1502150400,18416.92,3653101.36
974,198.94,206.28,193.21,203.31,1502236800,21294.67,4246938.05
975,201.01,205.87,195.0,198.94,1502323200,17954.48,3622625.4
976,205.66,208.41,198.26,201.01,1502409600,17917.86,3651608.71
977,204.29,210.39,200.62,205.66,1502496000,18973.47,3908100.02
978,196.9,207.59,187.07,204.29,1502582400,27790.54,5529370.91
979,198.74,203.18,194.08,196.9,1502668800,21334.25,4238297.21
980,202.64,204.76,190.63,198.74,1502755200,25867.51,5137490.19
981,231.08,234.5,197.78,202.64,1502841600,41896.15,9215376.88
982,234.74,261.7,228.47,231.08,1502928000,65448.85,16148445.68
983,222.63,239.59,217.13,234.74,1503014400,21769.05,4995901.25
984,286.58,318.3,222.56,222.63,1503100800,90699.79,25472364.19
985,291.51,318.68,283.76,286.58,1503187200,36909.39,11139950.41
986,281.22,299.06,275.8,291.51,1503273600,24216.55,5409807.11
987,291.76,300.61,261.03,281.22,1503360000,32427.2,9191661.26
988,292.46,297.48,286.68,291.74,1503446400,19692.95,5764876.52
989,313.34,313.41,290.56,292.46,1503532800,19724.06,5943351.86
990,314.96,319.82,306.21,313.34,1503619200,23127.32,7258765.62
991,396.74,411.76,314.22,314.96,1503705600,62984.44,23052661.32
992,362.9,398.07,355.84,396.74,1503792000,29333.76,10960226.13
993,356.56,369.56,347.91,362.9,1503878400,21045.25,7511719.93
994,360.1,368.96,352.72,356.56,1503964800,21446.8,7727693.33
995,371.61,374.95,358.43,360.1,1504051200,17638.51,6488913.01
996,380.77,383.22,369.39,371.61,1504137600,13130.32,4927009.32
997,395.46,395.86,375.96,380.77,1504224000,24060.81,9302797.37
998,348.09,400.72,326.69,395.46,1504310400,40172.97,14449624.06
999,356.27,373.64,333.87,348.09,1504396800,27227.44,9645202.63
1000,313.65,357.8,296.03,356.27,1504483200,36878.3,11934718.12
1001,326.74,333.78,281.85,313.65,1504569600,40743.1,12438297.25
1002,349.76,352.48,324.96,326.74,1504656000,20459.74,6952699.63
1003,346.98,350.34,333.46,349.76,1504742400,17635.63,6044963.48
1004,330.89,371.91,311.94,346.98,1504828800,41882.65,14197400.43
1005,324.84,335.08,312.85,330.89,1504915200,22505.66,7310575.62
1006,324.26,329.01,296.21,325.42,1505001600,29242.76,9139370.73
1007,317.75,333.43,315.56,324.26,1505088000,23049.6,7423311.92
1008,326.59,330.22,317.62,318.41,1505174400,25878.49,8428432.99
1009,298.96,326.59,284.57,326.59,1505260800,28873.46,8674149.92
1010,240.08,301.74,238.71,298.96,1505347200,44966.32,11821528.93
1011,285.56,300.16,220.65,240.08,1505433600,53774.49,13901624.19
1012,300.27,304.69,277.43,285.56,1505520000,24589.25,7232040.99
1013,312.09,317.04,277.77,300.27,1505606400,28249.9,8426521.68
1014,335.58,339.45,312.03,312.09,1505692800,30001.48,9897141.28
1015,325.95,336.68,313.09,335.58,1505779200,23010.15,7463678.51
1016,342.58,350.16,315.94,325.95,1505865600,35004.85,11814804.75
1017,329.85,369.95,320.66,342.58,1505952000,70692.63,24401176.02
1018,342.61,357.38,328.06,329.85,1506038400,39286.74,13452395.11
1019,351.08,359.12,338.27,342.61,1506124800,25792.61,9002742.96
1020,329.2,357.69,327.68,351.08,1506211200,36386.26,12477855.89
1021,348.22,350.91,328.79,329.2,1506297600,31106.94,10656214.05
1022,341.7,354.15,338.97,348.22,1506384000,19511.77,6726823.81
1023,350.51,357.66,338.17,341.7,1506470400,25715.74,8897001.47
1024,342.36,365.38,336.34,350.51,1506556800,26640.29,9194526.07
1025,328.7,344.18,319.74,342.36,1506643200,31997.25,10504550.94
1026,329.58,333.94,328.15,328.7,1506729600,17321.84,5740463.55
1027,317.01,330.82,315.89,329.58,1506816000,17000.85,5463844.7
1028,307.98,322.06,305.29,317.01,1506902400,17563.42,5529365.43
1029,294.5,310.08,288.66,307.98,1506988800,26893.23,8017155.7
1030,303.32,317.21,294.17,294.5,1507075200,33253.42,10177586.86
1031,305.35,307.8,293.16,303.32,1507161600,24142.19,7268075.26
1032,305.95,312.71,303.1,305.35,1507248000,18965.96,5823721.82
1033,311.52,315.15,301.9,305.95,1507334400,17467.2,5375961.67
1034,301.97,317.12,301.22,311.52,1507420800,21892.0,6788832.86
1035,282.33,301.97,270.1,301.97,1507507200,42025.42,12097211.9
1036,290.93,296.11,279.24,282.33,1507593600,26105.46,7520877.23
1037,298.21,301.17,286.19,290.93,1507680000,17388.83,5112713.01
1038,290.81,298.6,288.46,298.21,1507766400,19293.81,5668887.59
1039,308.82,309.63,287.28,290.81,1507852800,40248.95,12112187.1
1040,316.35,319.26,304.42,308.82,1507939200,27483.56,8602112.17
1041,308.89,317.26,292.36,316.35,1508025600,33718.96,10246336.65
1042,302.16,311.96,300.69,308.81,1508112000,28274.36,8641865.07
1043,299.48,302.7,296.19,301.96,1508198400,33335.21,10009981.66
1044,296.19,300.32,277.3,299.61,1508284800,28031.47,8089592.47
1045,293.7,299.02,290.27,296.28,1508371200,23392.16,6876876.17
1046,287.54,300.56,286.28,293.98,1508457600,28867.88,8447337.08
1047,276.66,290.01,269.27,287.47,1508544000,28214.01,7920873.42
1048,273.86,283.23,262.99,276.7,1508630400,36022.42,9827540.78
1049,279.39,288.85,261.2,273.64,1508716800,32869.18,8995661.98
1050,291.0,300.31,270.96,279.46,1508803200,36707.54,10670117.67
1051,286.19,297.83,281.07,291.0,1508889600,23078.88,6633813.41
1052,284.86,289.85,279.64,286.15,1508976000,28500.8,8104817.47
1053,280.56,287.24,277.88,284.73,1509062400,22607.11,6354885.34
1054,273.53,286.74,263.62,280.35,1509148800,35634.61,9842257.85
1055,282.92,288.75,272.83,273.55,1509235200,99256.45,27691510.99
1056,284.93,288.24,281.75,282.92,1509321600,20107.26,5728443.96
1057,277.23,285.84,276.7,284.94,1509408000,23268.21,6545939.76
1058,269.64,278.89,269.22,277.07,1509494400,26648.32,7299692.86
1059,263.22,271.5,248.69,269.6,1509580800,48103.89,12547984.12
1060,276.79,280.01,258.44,263.22,1509667200,36519.53,9795115.02
1061,273.45,280.47,264.49,276.8,1509753600,33610.98,9149112.03
1062,272.22,275.98,269.69,273.45,1509840000,20896.97,5687262.35
1063,273.87,279.37,266.94,272.17,1509926400,31240.03,8546684.63
1064,288.95,302.01,273.48,273.81,1510012800,49703.96,14342838.09
1065,313.2,315.12,285.36,288.95,1510099200,65833.22,19975846.67
1066,325.37,337.35,310.91,313.12,1510185600,56740.46,18481959.56
1067,325.89,352.04,305.16,325.34,1510272000,70543.93,23273769.25
1068,343.43,349.75,315.54,327.31,1510358400,47256.64,15878802.23
1069,487.14,497.29,322.02,343.55,1510444800,171625.99,69769602.62
1070,421.66,501.86,394.72,489.63,1510531200,120290.54,52425211.09
1071,420.93,439.34,402.14,421.66,1510617600,45410.22,18968410.39
1072,420.68,440.8,409.85,420.93,1510704000,39679.06,16846058.75
1073,419.44,425.56,409.99,420.76,1510790400,39224.83,16347116.16
1074,423.94,441.75,410.92,419.44,1510876800,44951.39,18998837.58
1075,453.55,476.09,421.09,423.82,1510963200,63461.67,28470872.7
1076,442.39,455.25,430.58,454.16,1511049600,30697.95,13597937.03
1077,485.96,499.48,437.42,442.11,1511136000,34757.15,15897661.28
1078,491.66,521.8,453.66,485.94,1511222400,90947.64,44648159.13
1079,573.66,595.42,492.35,492.44,1511308800,89611.61,49669845.89
1080,561.55,583.5,550.08,573.65,1511395200,49868.08,28189801.52
1081,560.92,567.67,542.71,561.21,1511481600,29972.87,16695883.38
1082,636.12,653.12,559.66,560.92,1511568000,62296.12,37896851.15
1083,616.45,639.98,606.4,636.1,1511654400,15032.86,9326984.44
1084,623.72,634.31,599.24,617.65,1511740800,32596.64,20271205.87
1085,609.83,628.88,599.82,623.7,1511827200,35843.62,22009515.03
1086,667.55,762.17,605.19,609.61,1511913600,118568.16,79977049.91
1087,758.71,809.6,650.38,667.68,1512000000,112659.58,82526493.4
1088,781.52,793.09,730.81,758.32,1512086400,52244.54,39792316.86
1089,764.95,789.81,752.5,781.67,1512172800,32028.67,24574397.03
1090,759.93,807.68,728.54,764.97,1512259200,46373.48,35886507.59
1091,764.64,770.53,727.82,759.87,1512345600,25869.36,19524298.15
1092,731.29,768.36,730.44,764.45,1512432000,30055.18,22575481.02
1093,667.35,761.58,648.8,731.41,1512518400,56253.41,39983549.43
1094,660.26,690.19,623.49,667.35,1512604800,53823.6,35149549.12
1095,700.25,742.32,623.95,660.2,1512691200,65403.64,44897007.48
1096,707.95,750.01,689.84,700.19,1512777600,47811.19,34562357.65
1097,669.63,707.95,629.56,707.95,1512864000,47191.62,31613840.44
1098,755.55,757.87,668.91,669.82,1512950400,33396.54,24150930.4
1099,881.35,925.89,733.44,755.7,1513036800,65276.69,54022245.55
1100,871.76,925.92,784.9,881.32,1513123200,56381.98,48658875.06
1101,927.76,962.5,863.27,872.67,1513209600,43067.9,39251014.22
1102,891.11,936.15,830.19,926.76,1513296000,35074.8,30711779.09
1103,987.53,987.72,881.81,891.11,1513382400,28743.63,26154291.36
1104,1084.54,1151.3,986.88,987.56,1513468800,70056.76,75051038.44
1105,1142.44,1185.49,1016.74,1084.59,1513555200,40120.77,43693886.43
1106,1136.12,1219.99,1073.66,1142.41,1513641600,47301.94,54802117.51
1107,1433.41,1547.23,997.3,1136.12,1513728000,92309.98,124872143.96
1108,1339.73,1517.13,1276.0,1433.41,1513814400,55579.25,77904265.94
1109,1099.65,1363.01,814.6,1339.73,1513900800,104212.55,110482649.89
1110,1160.85,1257.7,1076.4,1099.65,1513987200,43864.36,51515930.24
1111,1096.43,1162.05,960.39,1160.85,1514073600,30856.34,32779710.59
1112,1109.1,1177.18,1064.57,1096.43,1514160000,17775.66,19861393.43
1113,1180.57,1181.21,1106.62,1109.1,1514246400,19330.15,22241937.99
1114,1133.36,1210.54,1103.32,1181.28,1514332800,23144.48,26954078.18
1115,1103.06,1138.81,992.24,1133.5,1514419200,24238.95,25310848.28
1116,1089.31,1144.02,1023.52,1103.06,1514505600,23556.71,25796086.74
1117,943.14,1095.32,875.9,1089.16,1514592000,32783.59,31635527.04
1118,1013.89,1054.13,924.33,943.1,1514678400,19125.73,18988339.51
1119,1019.42,1039.1,969.44,1013.89,1514764800,14616.75,14727224.15
1120,1162.47,1194.94,1019.57,1019.63,1514851200,32982.09,36573606.39
1121,1129.89,1167.5,1088.34,1162.47,1514937600,23769.32,26726159.87
1122,1120.12,1200.17,1036.82,1130.1,1515024000,30174.53,33869240.3
1123,1080.88,1160.73,1067.54,1120.12,1515110400,29086.78,32571046.91
1124,1160.35,1184.64,1062.92,1080.88,1515196800,25288.75,28798395.75
1125,1161.98,1250.05,1155.53,1160.35,1515283200,32123.68,38563763.51
1126,1080.36,1186.81,979.59,1161.96,1515369600,31635.44,34846463.72
1127,1107.16,1133.2,1040.15,1080.36,1515456000,25192.92,27723670.77
1128,1098.33,1111.83,1025.79,1106.41,1515542400,28173.48,30177194.67
1129,1000.42,1108.02,959.56,1098.33,1515628800,30005.54,30831790.48
1130,1049.49,1065.3,966.41,1000.15,1515715200,19743.93,20426770.53
1131,1098.15,1131.99,1049.49,1049.49,1515801600,20998.24,23037841.39
1132,999.61,1112.11,978.35,1098.25,1515888000,24117.23,24783074.39
1133,934.66,1036.29,932.94,999.64,1515974400,27804.72,27741251.15
1134,743.43,936.34,628.66,934.66,1516060800,87298.96,69699249.45
1135,794.79,829.12,611.2,743.43,1516147200,59290.28,42610143.81
1136,821.16,889.03,747.07,794.79,1516233600,39322.39,32601881.55
1137,843.87,863.59,786.79,821.57,1516320000,21390.92,17751204.01
1138,925.1,960.54,837.15,843.87,1516406400,26276.59,23885218.13
1139,818.96,930.07,795.12,925.1,1516492800,21216.84,18032254.43
1140,762.38,843.98,706.12,818.96,1516579200,21407.4,16739378.13
1141,759.58,798.84,690.01,762.24,1516665600,26576.82,19855775.36
1142,787.92,795.43,728.69,759.52,1516752000,17401.32,13306142.01
1143,794.15,826.31,784.52,787.67,1516838400,15561.71,12496449.0
1144,782.76,817.59,738.54,794.15,1516924800,19015.52,14754538.2
1145,779.15,790.61,752.62,782.76,1517011200,16822.76,13026939.79
1146,821.25,822.32,770.16,779.15,1517097600,20728.43,16567879.01
1147,770.75,825.56,754.46,821.48,1517184000,18112.94,14082852.73
1148,682.2,783.19,676.23,770.6,1517270400,24953.41,18149508.0
1149,701.95,702.17,655.7,682.15,1517356800,16640.03,11338948.74
1150,619.61,705.96,587.72,702.15,1517443200,25350.39,16230698.88
1151,594.49,622.53,452.82,620.05,1517529600,59100.2,32396166.76
1152,636.41,646.13,533.41,595.41,1517616000,24761.76,15019530.02
1153,546.5,648.71,532.86,636.48,1517702400,26918.83,15859342.95
1154,451.27,555.81,434.29,546.5,1517788800,37643.86,18416065.32
1155,523.06,535.4,385.06,451.27,1517875200,48712.87,21723571.43
1156,520.83,584.55,489.87,523.0,1517961600,28881.16,15635323.95
1157,604.92,611.21,520.6,520.83,1518048000,24035.62,13831500.3
1158,635.73,639.81,578.39,604.92,1518134400,24125.01,14610877.78
1159,631.42,667.86,598.17,635.39,1518220800,24266.07,15427950.05
1160,577.95,631.39,557.85,631.36,1518307200,18950.53,11199114.48
1161,616.93,626.81,577.08,577.87,1518393600,14056.54,8591921.66
1162,592.84,626.76,580.24,616.93,1518480000,12539.42,7528930.12
1163,677.41,682.18,592.12,592.86,1518566400,27329.08,17743857.54
1164,696.01,701.32,660.04,677.36,1518652800,21914.31,15030066.98
1165,694.16,720.63,676.53,696.01,1518739200,17998.6,12518255.73
1166,739.43,748.34,688.84,693.95,1518825600,16126.09,11721970.22
1167,686.1,743.21,665.1,739.43,1518912000,23603.15,16591994.12
1168,727.72,732.73,684.65,686.1,1518998400,15788.93,11252985.68
1169,686.25,738.01,680.16,727.62,1519084800,26669.04,19120756.97
1170,661.47,717.98,655.86,686.25,1519171200,33302.69,22789624.82
1171,629.41,684.47,595.79,662.03,1519257600,26015.26,16346207.03
1172,632.1,654.34,603.14,629.41,1519344000,17064.9,10714207.84
1173,591.64,646.33,576.51,632.23,1519430400,17231.58,10404390.54
1174,593.21,603.73,578.73,591.6,1519516800,10963.5,6498856.5
1175,623.38,633.33,577.45,593.89,1519603200,14667.1,8906522.49
1176,612.05,645.79,606.01,623.38,1519689600,16693.3,10378314.9
1177,585.69,621.99,584.64,611.94,1519776000,18698.11,11329250.7
1178,621.06,625.91,583.23,585.5,1519862400,12753.01,7714722.07
1179,605.83,623.66,599.52,621.06,1519948800,12556.91,7681179.36
1180,613.87,622.1,598.31,606.16,1520035200,11147.55,6805177.27
1181,621.98,624.54,598.96,613.61,1520121600,12252.31,7483711.91
1182,615.21,625.64,608.48,621.98,1520208000,11688.5,7235435.22
1183,583.01,615.21,565.25,615.21,1520294400,17186.19,10103900.78
1184,514.9,591.48,509.99,583.01,1520380800,21013.51,11312859.16
1185,496.69,533.25,486.91,514.79,1520467200,19470.42,9912490.42
1186,502.01,504.45,445.84,496.76,1520553600,26166.45,12308331.37
1187,487.49,531.84,481.78,502.01,1520640000,14780.53,7547758.54
1188,530.25,551.02,472.19,487.88,1520726400,18624.15,9487673.13
1189,502.39,550.87,486.07,530.52,1520812800,18526.32,9640782.18
1190,490.76,516.33,480.64,502.44,1520899200,15713.09,7783885.69
1191,432.82,501.73,415.09,490.54,1520985600,16943.99,7797217.79
1192,419.05,435.86,395.06,432.8,1521072000,24829.78,10298677.73
1193,430.82,438.24,403.18,418.94,1521158400,18596.72,7854827.46
1194,392.9,433.21,387.15,430.82,1521244800,19584.63,7972164.82
1195,397.33,398.03,345.15,392.9,1521331200,35643.08,13088436.15
1196,413.41,413.89,368.42,397.23,1521417600,32753.62,12697105.45
1197,429.95,446.85,398.43,413.41,1521504000,21494.91,9034409.4
1198,434.61,456.12,423.88,429.81,1521590400,18917.66,8297994.95
1199,412.43,442.74,399.83,434.57,1521676800,16409.46,6891280.46
1200,432.54,436.29,393.86,412.13,1521763200,17213.39,7062122.61
1201,423.05,464.56,423.04,432.62,1521849600,18703.61,8327729.81
1202,414.64,426.58,412.33,422.71,1521936000,15157.18,6356046.29
1203,391.36,418.59,374.21,414.45,1522022400,20001.28,7903302.16
1204,356.63,395.78,356.17,391.36,1522108800,19453.9,7276129.83
1205,353.02,370.86,350.09,356.63,1522195200,16629.11,5978662.75
1206,330.94,353.58,317.31,353.06,1522281600,35528.86,11811236.21
1207,312.93,335.88,305.78,330.93,1522368000,27942.79,8949315.04
1208,310.25,331.34,306.26,312.82,1522454400,18079.37,5814386.74
1209,295.51,315.03,288.66,310.1,1522540800,25306.78,7607828.69
1210,316.25,316.42,291.45,295.51,1522627200,15826.68,4837545.37
1211,342.12,350.94,316.23,316.23,1522713600,22695.95,7573344.15
1212,303.13,342.36,299.97,342.12,1522800000,27415.25,8728976.98
1213,304.26,307.5,290.64,303.13,1522886400,21430.98,6467932.18
1214,289.86,307.47,282.57,304.21,1522972800,17113.94,5017770.66
1215,299.67,312.21,288.99,289.91,1523059200,20464.54,6225694.92
1216,312.4,318.28,299.57,299.65,1523145600,11114.05,3405196.6
1217,299.83,324.61,292.97,312.4,1523232000,15636.32,4794780.57
1218,302.55,303.67,293.11,299.83,1523318400,13544.5,4066402.53
1219,312.69,313.17,299.22,302.55,1523404800,17363.3,5329286.27
1220,359.74,359.74,306.58,312.95,1523491200,30635.84,10190421.15
1221,354.55,392.9,348.86,359.85,1523577600,30838.61,11416147.54
1222,360.47,377.97,352.9,354.6,1523664000,18523.97,6783195.16
1223,384.75,390.98,360.47,360.47,1523750400,20766.11,7844818.7
1224,366.4,384.92,356.7,384.75,1523836800,18609.03,6853529.01
1225,368.14,382.68,362.08,366.4,1523923200,15482.55,5782356.03
1226,423.32,425.19,366.81,368.14,1524009600,34804.03,13794852.59
1227,435.06,438.18,409.64,423.32,1524096000,23441.61,9929019.74
1228,462.76,468.56,428.42,434.86,1524182400,33090.05,14700487.8
1229,445.29,464.33,427.33,462.68,1524268800,19842.21,8849699.32
1230,470.29,484.37,440.77,445.23,1524355200,18236.28,8506422.77
1231,506.47,528.25,461.24,470.29,1524441600,38247.14,18867476.09
1232,525.86,544.13,505.82,506.47,1524528000,30403.71,16161963.53
1233,462.98,527.23,448.67,525.42,1524614400,36718.18,17665290.47
1234,504.34,505.31,448.43,462.98,1524700800,22810.69,10878790.76
1235,471.39,505.83,470.74,504.34,1524787200,20162.74,9855211.65
1236,496.35,504.92,470.36,471.39,1524873600,14904.89,7337368.53
1237,499.2,509.91,478.02,496.35,1524960000,15041.48,7424333.57
1238,472.87,502.36,471.19,499.17,1525046400,19700.47,9491320.01
1239,478.77,486.89,455.26,472.87,1525132800,17874.78,8396357.65
1240,487.08,489.72,464.38,478.77,1525219200,16099.88,7650261.5
1241,504.51,515.11,482.38,487.08,1525305600,21133.56,10490910.89
1242,487.3,504.41,478.36,504.41,1525392000,19269.67,9437653.79
1243,508.83,510.91,486.18,487.3,1525478400,17059.55,8512892.72
1244,485.68,525.38,479.62,508.83,1525564800,16979.93,8442187.9
1245,457.66,486.3,446.41,485.68,1525651200,23760.48,10980910.59
1246,442.59,468.38,436.39,457.66,1525737600,15759.81,7086371.15
1247,443.22,447.62,413.08,442.59,1525824000,19184.77,8263279.58
1248,418.42,462.32,417.61,443.28,1525910400,18153.26,8080196.13
1249,391.92,433.57,387.23,418.42,1525996800,25588.2,10406503.61
1250,404.09,410.42,377.65,392.03,1526083200,15142.84,5963491.1
1251,416.48,421.59,393.43,404.09,1526169600,12133.02,4954245.38
1252,432.87,453.28,388.85,416.48,1526256000,23771.9,10038232.62
1253,426.74,453.12,421.92,432.87,1526342400,23247.29,10135435.1
1254,412.6,427.22,395.33,426.74,1526428800,17318.85,7041291.08
1255,387.94,417.9,385.94,412.61,1526515200,16007.8,6475240.2
1256,394.26,396.65,373.95,387.72,1526601600,16916.27,6500267.79
1257,384.73,403.29,383.44,394.08,1526688000,17204.48,6763513.22
1258,401.17,404.1,383.32,384.73,1526774400,14907.78,5871005.94
1259,384.27,403.57,382.74,401.34,1526860800,15842.31,6242299.44
1260,358.15,385.69,356.72,384.27,1526947200,17848.63,6675060.23
1261,339.94,358.95,331.84,358.15,1527033600,21235.2,7331466.71
1262,345.36,349.55,326.35,340.35,1527120000,17453.3,5928729.55
1263,339.63,347.78,329.26,345.36,1527206400,16705.46,5667053.51
1264,322.61,340.79,322.39,339.63,1527292800,14848.3,4969087.26
1265,316.56,322.62,313.38,322.61,1527379200,14126.17,4506359.58
1266,286.96,322.57,285.19,316.56,1527465600,18090.91,5502613.93
1267,316.54,321.87,284.47,286.96,1527552000,22258.95,6746803.68
1268,304.69,320.57,296.42,316.54,1527638400,16730.48,5197560.84
1269,305.01,315.25,300.07,304.69,1527724800,11154.08,3434304.4
1270,315.79,316.93,301.84,305.79,1527811200,9900.8,3038199.23
1271,321.79,327.85,310.29,315.9,1527897600,11770.88,3767181.92
1272,329.82,335.59,321.79,321.79,1527984000,7650.9,2529896.15
1273,317.75,334.03,311.79,329.82,1528070400,11677.97,3727999.27
1274,318.68,321.87,307.67,317.75,1528156800,19141.52,6020044.26
1275,315.09,319.7,307.9,318.65,1528243200,13612.01,4278807.14
1276,315.72,319.43,313.56,315.09,1528329600,13841.63,4373356.64
1277,310.71,317.32,302.35,315.72,1528416000,9133.16,2821777.11
1278,297.75,312.53,297.15,310.71,1528502400,10353.43,3136375.91
1279,270.25,297.96,268.17,297.75,1528588800,21359.48,5998779.95
1280,270.62,276.47,258.66,270.25,1528675200,8960.54,2413884.54
1281,259.99,276.63,257.96,270.62,1528761600,13953.48,3786057.45
1282,245.79,264.67,240.79,259.99,1528848000,10498.13,2628268.9
1283,267.56,272.57,245.07,245.79,1528934400,10913.54,2838011.28
1284,255.3,269.78,254.47,267.56,1529020800,8029.89,2103380.73
1285,267.66,270.12,254.97,255.3,1529107200,5922.7,1563128.41
1286,265.65,274.4,262.67,267.66,1529193600,8178.79,2196190.57
1287,264.96,267.66,250.89,265.61,1529280000,10322.07,2679528.17
1288,260.94,271.05,257.7,264.96,1529366400,9711.88,2574642.02
1289,265.87,266.49,253.57,260.94,1529452800,7586.67,1967934.74
1290,261.03,269.26,257.99,266.05,1529539200,4869.13,1288570.92
1291,236.56,261.11,232.52,261.03,1529625600,13123.82,3185477.08
1292,245.47,248.4,235.83,236.56,1529712000,6766.42,1654600.97
1293,238.55,245.83,225.92,245.47,1529798400,15154.08,3563201.37
1294,241.26,246.77,235.04,238.55,1529884800,6749.77,1634161.87
1295,230.79,242.43,228.41,241.26,1529971200,6527.04,1540478.58
1296,229.16,232.36,224.01,230.79,1530057600,6294.53,1438110.77
1297,221.34,229.78,218.39,229.16,1530144000,6569.95,1464374.86
1298,235.35,239.11,217.94,221.34,1530230400,9314.83,2100098.95
1299,239.4,246.42,231.84,235.35,1530316800,9634.29,2307752.31
1300,236.01,240.43,228.57,239.4,1530403200,8080.98,1890618.98
1301,249.42,254.36,234.95,236.01,1530489600,10148.39,2497008.55
1302,241.74,260.95,240.85,249.42,1530576000,10333.72,2591482.93
1303,245.29,252.87,230.59,241.74,1530662400,11493.3,2797739.78
1304,242.18,251.75,239.09,245.29,1530748800,8083.34,1990161.93
1305,242.48,243.47,235.82,242.18,1530835200,6200.28,1483890.55
1306,246.54,247.29,235.97,242.31,1530921600,6197.98,1495038.72
1307,243.2,249.47,241.17,246.54,1531008000,10454.96,2560667.4
1308,231.21,245.36,229.99,243.2,1531094400,9443.68,2239699.95
1309,221.32,231.87,220.61,231.21,1531180800,10944.42,2455529.65
1310,218.93,225.89,214.2,221.32,1531267200,9722.84,2131100.05
1311,212.8,218.93,207.48,218.93,1531353600,17095.13,3598363.69
1312,217.9,241.44,211.76,212.8,1531440000,19918.69,4532857.68
1313,223.37,226.58,215.65,217.9,1531526400,6076.65,1342265.37
1314,232.17,234.72,220.02,223.37,1531612800,9193.44,2104602.05
1315,247.19,251.16,228.1,232.17,1531699200,13721.59,3299569.72
1316,260.42,264.86,240.16,247.19,1531785600,15707.6,3970846.24
1317,265.88,272.35,256.19,260.42,1531872000,17083.96,4524401.58
1318,261.06,275.38,255.34,265.88,1531958400,14480.35,3818165.41
1319,243.09,302.69,242.29,261.06,1532044800,32545.64,8626554.91
1320,255.26,257.24,237.59,243.09,1532131200,12395.61,3043804.89
1321,251.08,272.58,243.63,255.26,1532217600,15929.85,4051802.9
1322,237.47,263.2,225.46,251.08,1532304000,29280.75,7183510.03
1323,252.02,255.68,233.89,237.47,1532390400,13462.26,3334065.15
1324,245.18,255.3,239.49,252.02,1532476800,8357.04,2058183.4
1325,242.23,250.07,241.93,245.18,1532563200,8841.3,2171791.03
1326,244.08,270.48,234.38,242.25,1532649600,12361.02,3046013.66
1327,240.63,245.35,238.15,244.08,1532736000,6060.63,1463017.25
1328,239.16,242.61,228.09,240.63,1532822400,7767.26,1844875.25
1329,235.53,239.93,230.6,239.16,1532908800,6977.67,1647159.81
1330,217.38,235.53,212.54,235.53,1532995200,16303.06,3598379.57
1331,218.77,224.16,212.98,217.38,1533081600,11409.1,2509440.76
1332,210.35,221.58,206.35,218.77,1533168000,11174.25,2372746.1
1333,210.75,213.25,203.12,210.35,1533254400,12189.47,2543189.82
1334,202.59,214.24,200.95,210.75,1533340800,9747.39,2024281.79
1335,206.45,208.3,201.13,202.59,1533427200,7741.45,1596159.02
1336,199.2,211.75,198.68,206.45,1533513600,12859.22,2635904.26
1337,186.88,206.23,186.8,199.2,1533600000,22390.76,4398645.23
1338,173.32,190.0,170.31,186.88,1533686400,27142.23,4915060.89
1339,183.84,191.81,171.75,173.34,1533772800,12189.14,2236644.61
1340,168.56,189.12,167.04,183.84,1533859200,15014.67,2712731.88
1341,164.96,171.87,162.54,168.56,1533945600,11986.01,2032042.95
1342,168.49,170.72,163.41,164.96,1534032000,11935.61,2028246.06
1343,144.17,171.01,144.17,168.49,1534118400,25221.05,3961239.66
1344,138.22,144.38,132.53,144.24,1534204800,29369.17,4114170.51
1345,153.58,200.91,138.22,138.22,1534291200,22041.94,3420308.7
1346,150.32,159.35,148.79,153.58,1534377600,8036.82,1271957.28
1347,167.09,167.23,150.55,150.55,1534464000,11012.61,1783918.91
1348,151.99,170.25,137.41,167.09,1534550400,15717.71,2462912.27
1349,154.95,165.65,148.76,151.99,1534636800,19034.52,2978195.32
1350,141.39,157.81,141.39,154.95,1534723200,14910.64,2237388.57
1351,141.54,146.24,137.79,141.42,1534809600,9628.86,1386407.6
1352,136.67,153.26,134.83,141.54,1534896000,17512.8,2538222.16
1353,140.32,141.47,134.88,136.67,1534982400,11511.78,1618368.1
1354,145.09,146.17,137.94,140.32,1535068800,9440.9,1354509.18
1355,144.56,146.38,141.71,145.09,1535155200,6583.44,964505.77
1356,141.72,144.78,138.45,144.57,1535241600,7526.74,1076507.12
1357,183.62,194.25,140.56,141.72,1535328000,73285.99,12413450.42
1358,193.89,202.34,171.15,183.62,1535414400,84447.8,15712295.29
1359,186.88,201.58,185.72,193.89,1535500800,33596.72,6474272.66
1360,184.67,187.36,173.73,186.88,1535587200,24570.13,4435769.24
1361,194.25,196.39,182.6,184.67,1535673600,19662.71,3731777.82
1362,222.37,224.05,194.25,194.25,1535760000,44377.84,9415718.48
1363,212.86,222.56,203.92,222.37,1535846400,23448.01,4995051.06
1364,217.38,222.83,204.56,212.86,1535932800,18384.12,3919313.96
1365,217.22,221.24,213.26,217.38,1536019200,15476.12,3350365.84
1366,173.08,221.77,171.8,217.22,1536105600,34617.45,6794812.23
1367,181.09,181.7,160.14,173.08,1536192000,33321.65,5677448.56
1368,186.62,194.82,171.34,181.09,1536278400,29336.3,5407650.21
1369,186.48,201.65,183.08,186.67,1536364800,38300.47,7359761.77
1370,193.2,198.56,176.52,186.48,1536451200,31847.55,6072198.83
1371,201.93,207.43,193.11,193.2,1536537600,30180.25,6147677.66
1372,187.6,205.61,179.99,201.93,1536624000,25254.88,4842526.78
1373,185.57,187.9,171.26,187.6,1536710400,25817.23,4612154.87
1374,192.13,202.21,181.05,185.57,1536796800,32530.36,6254004.0
1375,190.85,199.78,185.73,192.13,1536883200,15553.23,2999986.71
1376,191.26,194.99,186.69,190.88,1536969600,10310.93,1967657.96
1377,191.74,193.7,184.49,191.26,1537056000,7471.78,1407153.31
1378,183.26,198.99,178.64,191.76,1537142400,21805.06,4145969.02
1379,190.81,192.05,177.38,183.26,1537228800,14930.42,2766877.26
1380,191.22,197.67,184.52,190.81,1537315200,21568.17,4133746.18
1381,199.77,201.49,186.89,191.21,1537401600,19035.91,3670538.95
1382,209.7,212.45,199.34,199.77,1537488000,23557.31,4874042.45
1383,204.79,213.83,199.43,209.7,1537574400,15859.52,3269654.78
1384,204.96,211.75,202.39,204.79,1537660800,11324.83,2338791.55
1385,197.82,205.63,192.3,204.96,1537747200,14193.73,2806555.22
1386,189.69,197.82,180.2,197.82,1537833600,14783.43,2760367.94
1387,183.91,193.44,183.06,189.69,1537920000,10099.34,1908397.01
1388,195.06,198.65,183.25,183.91,1538006400,16311.77,3141453.22
1389,187.65,196.59,185.67,195.06,1538092800,10374.47,1992584.46
1390,188.61,191.17,183.44,187.62,1538179200,6040.31,1144647.34
1391,187.72,217.68,184.94,188.63,1538265600,5289.83,995378.06
1392,187.46,189.14,184.74,187.68,1538352000,5567.79,1046378.45
1393,182.12,188.37,179.42,187.46,1538438400,12589.96,2297996.01
1394,178.38,183.32,175.99,182.12,1538524800,8332.0,1490446.54
1395,181.5,182.59,177.93,178.38,1538611200,5229.99,970575.92
1396,183.19,183.74,178.81,181.5,1538697600,6420.25,1172894.53
1397,180.93,188.12,180.24,183.19,1538784000,8398.17,1566058.15
1398,181.18,182.68,177.15,180.93,1538870400,7201.82,1297809.38
1399,182.99,184.64,178.24,181.18,1538956800,8130.61,1490882.2
1400,181.22,183.56,179.56,182.99,1539043200,5342.09,979185.92
1401,179.83,181.52,176.94,181.25,1539129600,8503.47,1534763.7
1402,157.06,179.83,156.82,179.83,1539216000,15478.31,2596876.65
1403,159.21,165.01,153.52,157.06,1539302400,10381.0,1656605.13
1404,163.22,163.22,158.78,159.21,1539388800,4602.22,786135.85
1405,159.22,165.74,158.52,163.22,1539475200,5865.19,956494.31
1406,168.07,181.23,157.63,159.34,1539561600,20607.43,3530954.69
1407,165.73,170.64,163.42,168.07,1539648000,4405.99,740071.92
1408,163.03,167.49,161.52,165.73,1539734400,8554.09,1398065.77
1409,156.83,164.51,155.33,163.23,1539820800,7008.98,1126920.51
1410,154.7,158.8,153.89,157.0,1539907200,6468.31,1025343.46
1411,157.13,159.0,154.01,154.7,1539993600,5527.79,906210.27
1412,157.09,159.37,157.02,157.13,1540080000,4268.24,696943.62
1413,153.66,157.27,153.17,157.09,1540166400,6277.95,987814.67
1414,155.91,156.74,153.17,153.77,1540252800,6627.41,1040012.02
1415,157.46,162.02,155.75,155.91,1540339200,12490.92,2004010.91
1416,157.12,158.58,156.33,157.46,1540425600,4356.57,697357.09
1417,157.32,158.13,154.31,157.12,1540512000,8822.44,1388717.56
1418,155.09,158.34,154.41,157.32,1540598400,4640.54,739778.29
1419,157.42,158.33,154.38,155.09,1540684800,4308.73,686192.12
1420,151.12,157.96,149.75,157.42,1540771200,9075.28,1427346.95
1421,154.04,155.48,151.11,151.12,1540857600,6999.56,1081129.23
1422,153.66,160.11,152.61,154.04,1540944000,14312.14,2231620.87
1423,154.92,155.58,152.5,153.66,1541030400,4066.17,629366.87
1424,155.55,156.61,154.1,155.35,1541116800,3479.24,540636.58
1425,156.4,156.83,154.55,155.55,1541203200,3927.36,611787.65
1426,166.01,171.76,152.51,156.4,1541289600,28436.08,4618576.83
1427,164.95,169.49,163.09,166.01,1541376000,13810.24,2296498.72
1428,170.97,175.03,164.9,164.95,1541462400,17813.87,3013799.16
1429,167.52,172.53,164.95,170.97,1541548800,12248.22,2048788.76
1430,165.54,175.93,165.44,167.52,1541635200,15812.01,2712597.62
1431,160.35,166.22,159.83,165.54,1541721600,12618.06,2053923.11
1432,161.97,165.15,158.62,160.35,1541808000,7919.4,1284372.26
1433,161.12,163.68,159.84,161.97,1541894400,7329.61,1184225.63
1434,164.92,169.26,161.0,161.0,1541980800,11187.66,1845819.21
1435,163.9,166.18,161.5,164.92,1542067200,5241.87,857860.25
1436,146.66,165.76,136.93,162.79,1542153600,29692.78,4471232.85
1437,140.74,147.4,130.32,146.66,1542240000,21773.16,3002465.72
1438,139.25,143.49,136.59,140.74,1542326400,12295.03,1730662.12
1439,135.22,140.57,132.78,139.25,1542412800,7937.69,1074330.88
1440,133.69,139.25,132.01,135.22,1542499200,11014.39,1492811.08
1441,110.6,133.87,110.28,133.69,1542585600,51429.8,6137110.18
1442,107.06,115.75,99.43,110.6,1542672000,49177.29,5241956.88
1443,115.65,116.26,104.45,107.06,1542758400,18764.32,2073171.69
1444,101.88,118.02,101.76,115.65,1542844800,25051.05,2753642.09
1445,100.65,103.67,97.67,101.85,1542931200,27020.14,2714268.23
1446,93.08,105.25,91.61,100.65,1543017600,22906.76,2240408.42
1447,92.65,94.97,84.19,93.08,1543104000,41712.92,3742516.8
1448,90.76,96.27,83.11,92.65,1543190400,21524.06,1927701.94
1449,90.83,93.96,86.83,90.76,1543276800,18220.02,1650657.24
1450,100.2,103.74,90.21,90.83,1543363200,18175.75,1763987.08
1451,97.68,101.24,94.3,100.2,1543449600,12059.63,1175824.37
1452,92.63,99.1,88.6,97.68,1543536000,13635.39,1260218.06
1453,96.11,99.34,90.91,92.63,1543622400,6360.97,605012.37
1454,93.52,98.73,91.37,96.11,1543708800,9248.5,867663.25
1455,84.87,94.12,82.42,93.5,1543795200,15949.04,1369754.48
1456,85.72,90.11,82.14,84.87,1543881600,15141.88,1304723.04
1457,78.2,87.34,77.37,85.72,1543968000,14769.0,1191077.41
1458,64.79,79.7,63.93,78.2,1544054400,25799.8,1846458.73
1459,68.47,68.47,58.82,64.79,1544140800,46182.61,2896106.04
1460,69.42,70.43,68.36,68.47,1544227200,1290.76,89694.79
