date,close,volume,open,high,low
16:00,35.32,"29,357,288",37.53,37.62,35.21
12/6/2018,37.67,37372630,35.66,37.68,35.13
12/4/2018,36.88,36552470,39.56,39.87,36.72
12/3/2018,40.03,35635800,40.2,40.24,39.15
11/30/2018,38.56,28121220,37.75,38.63,36.94
11/29/2018,37.91,23553010,38.3,38.71,37.73
11/28/2018,38.71,41853320,37.29,39,35.995
11/27/2018,37,21373230,36.09,37.45,36.02
11/26/2018,36.57,26495100,37.75,37.79,35.525
11/23/2018,36.4,11257770,35.93,37.5,35.92
11/21/2018,36.38,22413000,37,37.22,36.37
11/20/2018,36.12,38462180,34.1,36.99,34.05
11/19/2018,36.83,30982330,39.2,39.32,36.67
11/16/2018,39.44,25261940,38.45,39.7055,38.33
11/15/2018,39.91,29903330,37.95,40.175,37.62
11/14/2018,38.03,23504970,38.62,38.97,37.61
11/13/2018,37.85,25491260,37.66,38.74,37.44
11/12/2018,37.44,24496270,38.24,38.53,36.835
11/9/2018,39.11,26081350,39.89,39.99,38.41
11/8/2018,40.44,15473270,40.67,41.43,40.34
11/7/2018,40.93,22786850,40.32,41.05,39.96
11/6/2018,39.8,19105180,39.74,40.56,39.56
11/5/2018,39.92,22586870,40.1,40.24,38.77
11/2/2018,40.32,33611320,40.19,40.94,39.64
11/1/2018,40.12,43613300,37.98,40.2,37.52
10/31/2018,37.72,44022190,36.58,38.04,35.8
10/30/2018,36.01,35132910,34.64,36.05,34.495
10/29/2018,34.66,33611580,36.14,36.2,33.82
10/26/2018,35.4,41229540,35.28,35.91,34.3
10/25/2018,36.78,39405870,35.59,37.16,35.06
10/24/2018,35.43,52477090,38,38.3,35.4
10/23/2018,38.68,46047010,38.15,39.11,37.41
10/22/2018,39.76,34398570,40.56,40.7,38.64
10/19/2018,40.45,28617390,41.67,41.985,40.27
10/18/2018,41.3,33521390,42.04,42.2125,41.14
10/17/2018,42.35,27735080,43.33,43.39,42.11
10/16/2018,43.21,28158430,42.7,43.35,42.3
10/15/2018,42.34,27273060,42.03,42.55,41.63
10/12/2018,42.47,32651160,43.58,43.75,41.92
10/11/2018,41.97,48067300,41.96,42.92,41.425
10/10/2018,41.61,48310870,41.5,42.75,41.32
10/9/2018,42.27,31274030,42.81,43.04,41.98
10/8/2018,43.07,27393390,43.28,43.85,42.61
10/5/2018,43.58,35352960,44.08,44.63,42.81
10/4/2018,44.16,34537200,44.5,44.75,43.51
10/3/2018,45.15,29358790,46.28,46.415,44.7148
10/2/2018,45.76,32241840,44.9,46.69,44.88
10/1/2018,45.15,26665090,45.44,46.08,45.01
9/28/2018,45.23,28057490,44.65,45.61,44.49
9/27/2018,44.99,26927890,44.23,45.52,44.046
9/26/2018,44.35,30143420,44.29,44.76,43.96
9/25/2018,44.64,32206850,45.1,45.4606,44.02
9/24/2018,45.16,36757020,44.2,45.65,43.86
9/21/2018,44.74,96653350,44.4,45.6,43.8
9/20/2018,46.06,69804990,46.4,47.2199,45.91
9/19/2018,45.06,28431510,45.78,46.06,44.84
9/18/2018,45.33,36237570,43.93,45.87,43.88
9/17/2018,43.58,28078010,43.59,44.32,43.25
9/14/2018,44.3,40344540,44.11,44.56,43.46
9/13/2018,43.62,59736110,42.3,44.4948,42.3
9/12/2018,41.74,66708200,41.24,42.18,40.68
9/11/2018,43.6,48902580,43.65,43.75,42.35
9/10/2018,44.9,32662320,45.25,45.38,44.39
9/7/2018,44.86,46727300,45.14,46.46,44.65
9/6/2018,44.65,94159450,48.2,48.45,44.06
9/5/2018,49.54,39016690,51.39,51.6,49.07
9/4/2018,51.93,28916600,52.135,52.3,50.7146
8/31/2018,52.52,29512410,52.7,53.23,52.22
8/30/2018,52.76,32379120,51.56,53.68,51.4
8/29/2018,51.83,31345740,52.09,52.16,51.3
8/28/2018,52.34,26103960,52.42,52.56,51.47
8/27/2018,52.07,29094150,51.35,52.45,51.17
8/24/2018,50.7,24654280,49.92,50.82,49.92
8/23/2018,49.7,26777800,50.05,50.24,49.4
8/22/2018,50.24,26661340,50.38,50.65,49.87
8/21/2018,49.94,38193660,48.9,50.37,48.87
8/20/2018,48.07,32836700,47.4,48.61,46.4743
8/17/2018,47.11,34304420,46.21,47.36,45.62
8/16/2018,47.1,32997010,48.2,48.31,46.9641
8/15/2018,47.49,57276590,49.83,49.86,47.14
8/14/2018,50.62,31895030,51.73,51.77,50.011
8/13/2018,51.34,24244460,51.61,52.06,51.275
8/10/2018,51.37,31288350,51.25,51.95,51.02
8/9/2018,52.26,34376640,52.65,52.85,51.93
8/8/2018,53.39,17991880,52.84,53.53,52.4642
8/7/2018,53.04,21815230,52.94,53.44,52.7
8/6/2018,52.67,28746180,52.22,52.81,51.5
8/3/2018,52.81,22864100,53.3,53.4,52.26
8/2/2018,53.4,28558220,51.7,53.55,51.38
8/1/2018,52.29,28160740,52.66,53.58,52.17
7/31/2018,52.79,29057510,53.78,54.22,52.77
7/30/2018,53.01,25632300,54.19,54.25,52.42
7/27/2018,53.96,30033130,54.46,54.63,53.11
7/26/2018,53.76,28495760,53.6,54.74,53.45
7/25/2018,53.39,39620450,52.63,54.22,52.3
7/24/2018,53.17,38939780,55,55.4,52.94
7/23/2018,54.29,42264600,53.51,54.58,52.219
7/20/2018,55.02,32579980,56.08,56.14,54.83
7/19/2018,56.22,39086860,57.25,57.555,55.67
7/18/2018,57.45,33604480,57.25,58.15,56.92
7/17/2018,56.96,24679290,55.83,57.13,55.5
7/16/2018,56.15,25605260,56.6,57.18,56.06
7/13/2018,56.35,28791500,55.51,56.59,55.32
7/12/2018,55.45,29433950,54.65,55.66,54.35
7/11/2018,54.18,38552440,54.39,55,53.765
7/10/2018,55.74,34371250,54.66,55.9,54.35
7/9/2018,54.31,32422460,53.8,54.5,53.11
7/6/2018,53.23,31634520,52.54,53.41,51.98
7/5/2018,52.84,50867100,52.85,53.31,51.94
7/3/2018,51.48,52190190,54.55,54.79,50.1
7/2/2018,54.48,38773560,51.52,54.53,51.32
6/29/2018,52.44,32210360,53.69,53.85,52.4
6/28/2018,53.14,36811500,52,53.305,51.79
6/27/2018,52.26,52789680,55,55.35,52.16
6/26/2018,54.59,41469530,54.41,54.77,53.61
6/25/2018,53.16,72021180,55.54,55.64,52.41
6/22/2018,57.1,62799070,60.2,60.41,57.02
6/21/2018,59.44,70140330,61.46,61.83,59.09
6/20/2018,58.95,55632990,60.13,61.12,58.8
6/19/2018,59.25,43354940,57.64,59.46,57.11
6/18/2018,58.45,36792170,57.6,58.6,56.87
6/15/2018,58.23,45430160,58.53,59.1,57.3
6/14/2018,59.18,43330070,60.55,60.57,58.67
6/13/2018,60.05,33206860,60.3,61.27,60.02
6/12/2018,60.55,42955850,61.84,61.85,59.94
6/11/2018,61.39,42080780,61.71,62.55,61.07
6/8/2018,61.39,56976840,58.63,61.6,58.22
6/7/2018,59.63,42201340,59.85,60.27,58.56
6/6/2018,59.42,36693770,59.26,59.59,58.3
6/5/2018,59.41,41245170,59.8,60.14,58.83
6/4/2018,59.1,64224200,57.43,59.16,56.62
6/1/2018,58.74,74611980,58.81,59.34,56.88
5/31/2018,57.59,101547100,60.25,60.25,57.165
5/30/2018,62.57,84485810,63.7,64.66,60.92
5/29/2018,62.62,75333600,61.36,63.9801,61.35
5/25/2018,61.35,54000830,60.85,62.1,60.61
5/24/2018,61.49,73810470,60.18,61.99,59.56
5/23/2018,59.97,63785620,59.05,60,58.15
5/22/2018,59.03,110637200,59.05,60.5,58.3
5/21/2018,55.48,69993260,56.175,56.47,54.53
5/18/2018,53.39,44756940,53.6,54.65,52.85
5/17/2018,54.7,54399220,56.01,56.44,53.93
5/16/2018,56.5,57772690,55.59,56.91,55.48
5/15/2018,54.01,43163170,53.8,54.17,52.6899
5/14/2018,53,33268580,52.99,53.71,52.86
5/11/2018,51.82,27603810,52.38,52.8,51.6801
5/10/2018,52.66,36955460,51.8,52.68,51.6
5/9/2018,51.01,36402820,49.06,51.03,48.99
5/8/2018,48.57,24916880,48.53,48.859,47.88
5/7/2018,48.48,33916290,48.26,49.11,48.11
5/4/2018,47.58,28565980,46.32,47.7,46.14
5/3/2018,46.62,29858650,45.7402,46.865,45.3302
5/2/2018,45.89,31275690,45.91,46.7392,45.68
5/1/2018,46.79,33736320,45.59,46.865,45.41
4/30/2018,45.98,54591440,47.06,47.69,45.315
4/27/2018,47.52,49904890,51.11,51.39,47.19
4/26/2018,50.14,38765380,49.28,50.18,48.83
4/25/2018,47.6,42367660,47.56,48.341,46.075
4/24/2018,47.11,61851850,49.66,50.2571,46.44
4/23/2018,49.02,43607320,50.81,50.88,48.81
4/20/2018,50.62,38395780,51.5,52.07,50.15
4/19/2018,51.42,52506230,52.9,54.1,50.98
4/18/2018,54.01,55184110,51.4548,54.27,50.6776
4/17/2018,52.26,32925980,51.85,52.7,51.74
4/16/2018,51.65,30811980,52.25,52.48,51.32
4/13/2018,52.23,43458620,53.4,53.49,51.58
4/12/2018,52.59,46440510,51.12,52.92,51.1
4/11/2018,50.48,38604500,50.28,51.8,50.11
4/10/2018,50.48,50400580,49.25,50.7461,48.635
4/9/2018,47.96,50408540,49.13,49.83,47.92
4/6/2018,48.46,79268150,47.72,50.48,47.26
4/5/2018,49.84,87646670,52.06,52.2,49.19
4/4/2018,53.39,60033680,49.62,53.5,49.26
4/3/2018,51.55,52311920,50.8,51.7702,50.32
4/2/2018,50.06,59573170,51.54,51.72,49.56
3/29/2018,52.14,60805430,52.16,52.68,51.14
3/28/2018,51.49,62908010,51.93,53.35,50.7
3/27/2018,52.4,67650910,55.06,55.47,51.68
3/26/2018,55.56,69915680,56.26,56.71,52.72
3/23/2018,54.21,118150100,57.69,58.8,53.68
3/22/2018,58.92,72522310,60.07,60.3,58.11
3/21/2018,61.07,50973540,61.35,61.72,60.6
3/20/2018,61.15,53730830,60.1,61.25,59.8
3/19/2018,60.14,70861300,60.36,60.99,58.75
3/16/2018,60.58,68188250,60,60.69,59.21
3/15/2018,58.84,49484360,59.77,60.15,58.23
3/14/2018,59.78,80162460,59.32,60.06,57.56
3/13/2018,59.43,141439500,62.17,63.42,58.52
3/12/2018,59.37,137836300,56.5,61.17,56.35
3/9/2018,54.59,65360810,55.76,55.83,53.62
3/8/2018,55.22,51657770,54.585,55.47,54.3
3/7/2018,53.97,61467380,53.34,55,53.125
3/6/2018,53.74,72079020,53.4,54.64,53.21
3/5/2018,52.03,70056020,48.8,52.36,48.72
3/2/2018,49.11,51636420,46.36,49.25,45.95
3/1/2018,47.62,61117690,48.77,48.81,46.77
2/28/2018,48.81,44892080,48.8,49.46,48.35
2/27/2018,48.58,44619400,47.66,48.99,47.42
2/26/2018,47.98,41923210,46.97,48.23,46.7
2/23/2018,46.53,48404250,45.18,46.8,45.02
2/22/2018,44.25,23789340,44.78,44.83,44.04
2/21/2018,44.54,31545530,45.37,45.55,44.52
2/20/2018,44.9,35955570,44.02,45.27,43.9
2/16/2018,44.21,49186160,43.29,45.11,43.13
2/15/2018,43.5,34988420,43.725,43.92,42.26
2/14/2018,43.45,36691440,41.93,43.63,41.93
2/13/2018,42.63,30251570,42.05,42.92,41.98
2/12/2018,42.19,47834450,41.01,42.68,40.88
2/9/2018,40.41,65129130,41.05,41.19,37.52
2/8/2018,40,53578400,42.52,43.03,40
2/7/2018,42.01,50779760,43.26,43.56,41.74
2/6/2018,43.88,66502910,40.55,43.93,40.55
2/5/2018,39.4,45422700,40.14,41.53,39.01
2/2/2018,40.82,40520250,42,42.21,40.61
2/1/2018,42.49,35006060,43.04,44.09,42.1
1/31/2018,43.72,44923550,42.98,43.96,42.77
1/30/2018,41.67,38024130,41.99,42.795,41.47
1/29/2018,43.29,29171620,43.25,43.42,42.38
1/26/2018,43.67,27138710,43.22,43.805,43.03
1/25/2018,43.01,40362580,44.23,44.72,42.86
1/24/2018,43.08,30684100,43.76,43.95,42.7367
1/23/2018,43.95,41039230,43.25,44.66,42.73
1/22/2018,42.88,37786830,42.47,42.88,41.68
1/19/2018,42.75,41183070,43.95,44.2,42.651
1/18/2018,43.99,25095670,44.21,44.65,43.91
1/17/2018,44.26,38038570,43.21,44.38,42.98
1/16/2018,42.92,37855820,43.14,43.86,42.42
1/12/2018,42.81,28420540,42.82,43.35,42.675
1/11/2018,42.82,39324830,43.52,44,42.62
1/10/2018,43.31,53247160,41.95,43.37,41.39
1/9/2018,42.97,62892520,45.27,45.55,42.77
1/8/2018,45.55,32018270,45.31,46.09,44.91
1/5/2018,45.8,47296750,46.13,46.655,45.3752
1/4/2018,46.88,51850950,45.99,46.98,45.01
1/3/2018,44.98,43116930,44.5,45.05,44.05
1/2/2018,43.67,36979320,41.54,43.715,41.19
12/29/2017,41.12,44572950,41.82,41.84,40.77
12/28/2017,41.81,28968250,42.83,43.05,41.75
12/27/2017,42.48,24117980,42.22,43.07,42.03
12/26/2017,42.25,41890220,43.19,43.2,41.52
12/22/2017,44.12,30309900,44.18,44.935,43.94
12/21/2017,44.42,50294200,45.55,45.58,44.35
12/20/2017,45.75,84183430,46.65,46.8,44.86
12/19/2017,43.98,50195800,44.09,44.34,43.3
12/18/2017,43.71,34931250,43.37,43.73,42.99
12/15/2017,42.4,58635980,42.3,42.56,41.885
12/14/2017,42.24,24535570,42.29,42.7299,41.88
12/13/2017,42.05,28143190,42.22,43.1,41.97
12/12/2017,41.86,28409640,42.69,42.8538,41.71
12/11/2017,43.01,31467480,43.42,43.75,42.33
12/8/2017,43.21,44519410,44.04,44.58,42.87
12/7/2017,43.2,42952110,42.18,43.23,41.91
12/6/2017,41.58,38410950,40.82,41.74,40.3
12/5/2017,41.21,56483070,39.77,42.05,39.42
12/4/2017,39.9,73533680,41.95,42.29,39.07
12/1/2017,41.99,73022770,41.73,42.55,40.01
11/30/2017,42.39,63796350,44.16,44.535,41.86
11/29/2017,43.74,81212030,47.5,47.6,43.27
11/28/2017,47.93,30592360,48.45,48.86,47.82
11/27/2017,48.05,44414740,47.96,48.39,47.09
11/24/2017,49.68,14203320,49.32,49.88,49.03
11/22/2017,49.14,28684100,49.85,49.89,48.62
11/21/2017,49.4,35663070,48.36,49.63,48.15
11/20/2017,47.64,26929150,46.51,47.86,46.4
11/17/2017,46.16,22571470,46.54,46.55,45.73
11/16/2017,46.18,24106370,45.73,46.29,45.29
11/15/2017,45.36,22400350,45.185,45.7401,44.6201
11/14/2017,45.8,29838580,45.58,46,44.8001
11/13/2017,45.6,30440360,44.5,45.87,44.19
11/10/2017,44.78,33812860,43.76,44.845,43.71
11/9/2017,43.5,32404090,43.69,43.69,42.58
11/8/2017,44.09,19468630,43.85,44.14,43.45
11/7/2017,43.95,32403310,43.58,44.24,43.33
11/6/2017,43.25,28801980,43.85,44.01,42.45
11/3/2017,43.71,27614520,44.77,45,43.35
11/2/2017,44.34,25750860,44.08,44.75,43.72
11/1/2017,44.38,38788300,44.79,45.33,43.78
10/31/2017,44.31,61817710,42.25,44.57,42.2
10/30/2017,41.65,29060080,40.73,41.86,40.68
10/27/2017,40.85,31063690,40.59,40.94,40.04
10/26/2017,40.6,27318930,41.17,41.18,40.31
10/25/2017,41.06,31030700,41.31,41.59,40.31
10/24/2017,41.6,26125120,41.74,42.01,41.43
10/23/2017,41.56,26808960,41.85,42.1866,41.4
10/20/2017,41.5,36233670,42,42.17,41.44
10/19/2017,41.31,47230900,41.18,41.5,39.8
10/18/2017,41.65,43495770,41.04,41.95,40.81
10/17/2017,40.39,40656680,41.14,41.4,40.25
10/16/2017,41.49,33600130,40.88,41.57,40.5148
10/13/2017,40.4,35349710,40.78,41.17,40.32
10/12/2017,40.58,66727420,41.21,41.75,40.29
10/11/2017,41.61,52596240,40.84,42.07,40.8
10/10/2017,41.98,47321010,41.45,42,40.455
10/9/2017,40.96,27228150,39.72,40.99,39.62
10/6/2017,39.67,25134710,39,39.67,38.81
10/5/2017,39.37,22466420,39.8,39.86,39.25
10/4/2017,39.56,37866290,40.14,40.43,38.91
10/3/2017,40.37,27273940,39.93,40.54,39.85
10/2/2017,40.01,53485310,39.6,40.37,39.36
9/29/2017,39.33,48652860,37.98,39.36,37.81
9/28/2017,37.96,52399070,37.15,38.46,36.82
9/27/2017,37.09,84293080,36.26,37.15,35.92
9/26/2017,34.18,53408770,35.23,35.37,34.09
9/25/2017,34.87,35576130,36.04,36.15,34.54
9/22/2017,36.07,21507550,35.6,36.22,35.6
9/21/2017,35.91,22425010,35.93,36.25,35.4
9/20/2017,35.97,42118360,36.03,36.6,35.34
9/19/2017,35.95,26070860,35.5,36.1,35.5
9/18/2017,35.43,41248590,35.13,35.8,35.02
9/15/2017,34.65,37211200,34.64,35,34.38
9/14/2017,34.58,22851570,34.43,34.85,34.3
9/13/2017,34.59,41556010,34.56,34.8,34.02
9/12/2017,34.29,38355560,33.69,34.54,33.56
9/11/2017,33.44,30926720,32.9,33.44,32.81
9/8/2017,32.45,19646210,32.8,33.02,32.31
9/7/2017,32.79,25268070,32.47,32.9,32.4466
9/6/2017,32.25,29197680,32.07,32.7,32.06
9/5/2017,32.07,28941410,32.45,32.74,31.65
9/1/2017,32.6,26025210,32.13,32.88,32.13
8/31/2017,31.97,25633580,31.61,32.02,31.48
8/30/2017,31.61,17409720,31.65,31.68,31.38
8/29/2017,31.48,23054780,30.75,31.53,30.7
8/28/2017,31.08,22399490,30.43,31.21,30.42
8/25/2017,30.29,13919850,30.3,30.39,30.05
8/24/2017,30.22,18053210,30.55,30.6295,30.11
8/23/2017,30.45,21152050,29.97,30.74,29.87
8/22/2017,30.45,18811360,29.85,30.54,29.77
8/21/2017,29.56,26215290,30.53,30.6,29.28
8/18/2017,30.38,31148780,29.96,30.6,29.76
8/17/2017,29.62,26150320,30.32,30.5299,29.61
8/16/2017,30.69,37797460,30.02,30.86,29.9608
8/15/2017,29.68,23946050,29.5,29.805,29.14
8/14/2017,29.24,25218840,28.82,29.36,28.72
8/11/2017,28.01,23296320,27.44,28.04,26.85
8/10/2017,27.49,25955360,28.3,28.38,27.43
8/9/2017,28.58,14149690,28.51,28.89,28.36
8/8/2017,28.84,21815790,28.61,29.34,28.61
8/7/2017,28.59,16528710,27.93,28.605,27.8
8/4/2017,27.92,23934830,27.86,28.3,27.27
8/3/2017,27.83,30252000,28.39,28.4,27.61
8/2/2017,28.63,27195800,28.96,29.43,28.22
8/1/2017,28.34,28128620,28.22,28.935,27.83
7/31/2017,28.12,41028660,29.43,29.55,27.87
7/28/2017,29.28,31138800,29.96,29.98,28.96
7/27/2017,30.24,38834790,30.27,31.3,29.665
7/26/2017,29.81,26016420,29.85,30.05,29.68
7/25/2017,29.9,51095370,30.8,30.83,29.65
7/24/2017,31.67,17392610,32,32.01,31.5
7/21/2017,32.01,21122420,31.9,32.1,31.62
7/20/2017,32,23007780,31.93,32.02,31.42
7/19/2017,31.82,19959460,32.05,32.35,31.65
7/18/2017,31.9,14013060,31.64,31.91,31.4
7/17/2017,31.72,22266360,31.67,31.86,31.44
7/14/2017,31.79,28859740,31.35,31.95,31.26
7/13/2017,31.13,23756510,31.55,31.85,30.84
7/12/2017,31.45,22230790,31.77,31.78,31.155
7/11/2017,31.37,28502290,30.55,31.39,30.51
7/10/2017,30.5,24894250,30.16,30.59,29.75
7/7/2017,30.2,21875850,30.22,30.5,29.98
7/6/2017,30.1,27116040,29.94,30.48,29.92
7/5/2017,30.51,40398330,29.55,30.56,29.55
7/3/2017,29.14,36830400,30.09,30.28,28.56
6/30/2017,29.86,73212080,32.12,32.15,29.7089
6/29/2017,31.47,53316140,32.29,32.39,30.64
6/28/2017,32.24,28313710,32.07,32.28,31.44
6/27/2017,31.66,33152780,32.51,32.665,31.61
6/26/2017,32.5,34717200,32.45,32.96,31.95
6/23/2017,31.73,45288650,31.89,32.08,31.64
6/22/2017,31.89,23031510,32.04,32.4,31.76
6/21/2017,32.01,30533310,31.18,32.15,31.06
6/20/2017,30.83,25732710,31.4,31.575,30.73
6/19/2017,31.2,24828060,30.51,31.25,30.33
6/16/2017,29.86,42847990,30.63,31,29.82
6/15/2017,30.56,33624240,30.47,30.97,30.08
6/14/2017,31.06,28849470,31.78,31.79,30.85
6/13/2017,31.54,33745630,31.75,32.24,30.77
6/12/2017,31.2,46431510,30.06,31.685,29.21
6/9/2017,30.6,53027290,32.67,32.93,29.55
6/8/2017,32.45,29101640,32.84,32.86,31.88
6/7/2017,32.5,32603890,31.7,32.55,31.7
6/6/2017,31.57,33094410,31.04,31.77,30.87
6/5/2017,31.21,24297700,31.3,31.755,31.07
6/2/2017,31.21,20184800,30.8,31.38,30.53
6/1/2017,30.76,20505640,30.75,30.83,30.28
5/31/2017,30.77,26407210,31.01,31.1,30.32
5/30/2017,30.7,34653360,29.94,30.87,29.88
5/26/2017,29.76,17761210,29.27,29.77,28.875
5/25/2017,29.43,20680690,29.2,29.66,29.19
5/24/2017,28.99,22286190,28.47,29.12,28.44
5/23/2017,28.29,21798260,28.08,28.31,27.56
5/22/2017,28.06,17947560,28.2,28.25,27.645
5/19/2017,27.82,19129060,27.78,28.16,27.73
5/18/2017,27.48,26787080,27.15,27.89,27.085
5/17/2017,27,37970020,28.34,28.51,26.96
5/16/2017,29.02,14896080,28.92,29.08,28.57
5/15/2017,28.83,21850810,29.08,29.19,28.73
5/12/2017,28.93,15891810,29.1,29.12,28.68
5/11/2017,29.03,22425750,29.17,29.31,28.69
5/10/2017,29.32,29217460,28.92,29.415,28.8
5/9/2017,28.81,31023830,28.11,28.9,28.06
5/8/2017,28.06,32279730,27.56,28.07,27.28
5/5/2017,28.2,15615520,27.8,28.22,27.62
5/4/2017,27.79,15541590,27.94,28.165,27.72
5/3/2017,28,15055090,27.55,28.1,27.55
5/2/2017,27.77,25268790,28.28,28.28,27.45
5/1/2017,28.29,23871840,27.85,28.38,27.72
4/28/2017,27.67,28083720,28.02,28.2,27.51
4/27/2017,27.63,24258120,27.17,27.65,27.095
4/26/2017,26.79,24603100,26.58,27.07,26.3938
4/25/2017,26.99,22761620,26.71,27.02,26.365
4/24/2017,26.57,43987550,27.74,27.76,26.52
4/21/2017,27.32,28321640,28,28.03,27.16
4/20/2017,27.96,23557230,27.5,28.08,27.5
4/19/2017,27.26,21160390,27.45,27.55,27.05
4/18/2017,27.14,14396560,27,27.34,26.9
4/17/2017,27.13,14086520,26.91,27.22,26.83
4/13/2017,26.74,26066150,26.55,27.23,26.3601
4/12/2017,26.69,24587010,27.42,27.43,26.655
4/11/2017,27.18,38599990,27.5,27.54,26.6808
4/10/2017,27.64,27368390,28.45,28.49,27.58
4/7/2017,28.52,20297080,28.45,28.855,28.35
4/6/2017,28.62,19388740,28.25,28.78,28.02
4/5/2017,28.26,22324020,28.64,28.905,28.23
4/4/2017,28.59,13936100,28.47,28.68,28.16
4/3/2017,28.64,21604520,28.95,29.04,28.3
3/31/2017,28.9,32313300,29.1,29.36,28.9
3/30/2017,28.97,25032280,28.4,29,28.33
3/29/2017,28.5,22997270,28.6,28.68,28.35
3/28/2017,28.69,24736750,28.73,29.06,28.62
3/27/2017,28.76,47976960,28.1,29.18,28.07
3/24/2017,28.43,107266900,29.71,29.87,28.1601
3/23/2017,26.47,45672700,26.36,26.49,26.04
3/22/2017,26.06,24995310,25.73,26.15,25.63
3/21/2017,25.52,28337770,26.3,26.44,25.43
3/20/2017,26.21,26787530,25.99,26.61,25.81
3/17/2017,25.8,19086560,25.86,25.91,25.4
3/16/2017,26.04,19124870,26.2,26.23,25.83
3/15/2017,26.12,29710990,25.15,26.15,24.935
3/14/2017,25.58,14555090,25.59,25.7,25.25
3/13/2017,25.7,23152180,25.39,25.82,25.29
3/10/2017,25.18,28892670,25.275,25.75,24.81
3/9/2017,25.15,21756390,25.23,25.49,24.85
3/8/2017,25.38,24910570,25.64,25.83,25.04
3/7/2017,25.64,20282860,25.56,25.75,25.28
3/6/2017,25.71,25485130,25.5,25.92,25.17
3/3/2017,25.57,37867080,25.2,25.68,24.98
3/2/2017,24.7,45846430,24.88,25.25,24.375
3/1/2017,24.55,27978650,24.16,24.58,24.07
2/28/2017,23.44,21431870,23.79,23.95,23.315
2/27/2017,23.76,17988060,23.36,23.77,23.15
2/24/2017,23.24,21988680,22.96,23.26,22.64
2/23/2017,23.48,20128380,23.92,23.97,23.225
2/22/2017,23.75,15991340,23.86,24.06,23.65
2/21/2017,23.77,20244180,23.62,23.98,23.58
2/17/2017,23.35,22084850,23.01,23.38,23.01
2/16/2017,22.98,23686450,23.04,23.34,22.85
2/15/2017,23.02,27883660,23.07,23.26,22.79
2/14/2017,23.12,60657800,23.36,23.37,22.68
2/13/2017,23.9,16865810,24.07,24.2,23.82
2/10/2017,24.05,28558870,24.71,24.76,23.9
2/9/2017,24.45,27848030,24.75,24.89,24.42
2/8/2017,24.21,21554010,24.25,24.375,23.91
2/7/2017,24.6,19874370,24.59,24.69,24.21
2/6/2017,24.34,18894350,24.53,24.7287,24.21
2/3/2017,24.6,25047140,24.9,25.24,24.5
2/2/2017,24.79,45470620,24.53,25.31,24.46
2/1/2017,24.75,28684620,24.43,24.85,24.31
1/31/2017,24.11,22698620,23.95,24.1457,23.68
1/30/2017,24.18,30498280,23.82,24.24,23.43
1/27/2017,23.97,18567750,23.53,24.1,23.45
1/26/2017,23.52,19354240,23.8,23.99,23.29
1/25/2017,23.56,33308010,23.4,23.98,23.19
1/24/2017,22.85,29327530,22.27,23.085,22.26
1/23/2017,21.89,16064850,21.96,22.31,21.74
1/20/2017,21.96,19974000,21.9,22.33,21.89
1/19/2017,21.71,31253150,21.5,22.3,21.49
1/18/2017,22.32,19470960,21.68,22.34,21.53
1/17/2017,21.74,20042970,21.88,22.0662,21.5839
1/13/2017,22.18,14021610,22.27,22.31,21.985
1/12/2017,22.31,27527680,22.46,22.48,21.7
1/11/2017,22.79,20865970,22.61,22.88,22.56
1/10/2017,22.48,20639480,22.36,22.6861,22.3
1/9/2017,22.34,21530870,21.94,22.55,21.94
1/6/2017,22.04,17765770,22.27,22.28,21.975
1/5/2017,22.11,19747850,22.4,22.57,21.96
1/4/2017,22.36,20405630,22.67,22.84,22.245
1/3/2017,22.55,24958840,22.07,22.74,22.045
12/30/2016,21.92,20256990,22.35,22.4,21.75
12/29/2016,22.27,19834320,22.58,22.8,22.15
12/28/2016,22.78,23970070,23.4,23.41,22.76
12/27/2016,23.3,24191130,23.35,23.64,23.21
12/23/2016,23.26,27732550,23.07,23.49,23.06
12/22/2016,23.19,85639090,22.91,23.49,22.77
12/21/2016,20.58,31250730,20.75,20.83,20.34
12/20/2016,20.65,22983250,20.73,20.8,20.47
12/19/2016,20.35,23547920,20.43,20.7,20.19
12/16/2016,20.27,36613830,20.53,21,20.19
12/15/2016,20.29,19444460,20.1,20.5,19.98
12/14/2016,20.02,19474120,19.93,20.33,19.78
12/13/2016,20.13,26161600,20.14,20.47,19.8
12/12/2016,20.02,28658170,20.3,20.51,19.49
12/9/2016,20.5,23966440,20.73,20.8486,20.1342
12/8/2016,20.66,36221910,20.75,20.99,20.29
12/7/2016,20.44,44727200,19.5,20.54,19.3
12/6/2016,19.06,22248920,18.62,19.09,18.58
12/5/2016,18.61,26612900,19,19,18.395
12/2/2016,18.79,25775970,18.46,19.2,18.301
12/1/2016,18.48,40704750,19.7,19.83,18.18
11/30/2016,19.53,26017840,19.58,19.76,19.365
11/29/2016,19.42,37920870,19.92,20.2,19.38
11/28/2016,19.99,22187050,20.18,20.28,19.945
11/25/2016,20.13,16308000,19.95,20.44,19.79
11/23/2016,19.91,20036260,19.63,19.93,19.47
11/22/2016,19.74,22215030,19.64,19.8,19.45
11/21/2016,19.49,22699770,19.39,19.67,19.345
11/18/2016,19.21,29113440,18.9,19.33,18.85
11/17/2016,19.18,45807590,18.35,19.335,18.25
11/16/2016,18.24,21627760,17.94,18.33,17.93
11/15/2016,18.1,25147790,17.66,18.17,17.66
11/14/2016,17.71,26312760,17.77,17.98,17.53
11/11/2016,17.67,31030900,17.08,17.68,16.9
11/10/2016,16.99,30221830,17.35,17.758,16.75
11/9/2016,17.2,33828870,16.95,17.35,16.75
11/8/2016,17.41,18039650,17.3,17.55,17.06
11/7/2016,17.375,21631600,17.02,17.43,17.0172
11/4/2016,16.68,17933100,16.46,17.02,16.45
11/3/2016,16.62,17233220,16.66,16.81,16.56
11/2/2016,16.68,24926160,16.95,17.015,16.5
11/1/2016,16.98,27116540,17.2,17.41,16.58
10/31/2016,17.16,23258880,17.54,17.76,17.16
10/28/2016,17.2,20830930,17.6,17.6741,17.1
10/27/2016,17.53,21172090,17.82,17.9,17.4
10/26/2016,17.64,23594580,17.3,17.93,17.2
10/25/2016,17.54,27440980,17.1,17.615,17.1
10/24/2016,17.06,13823080,17.07,17.16,16.97
10/21/2016,16.94,18689350,17,17.07,16.8
10/20/2016,17.205,17115940,17.05,17.5,17.05
10/19/2016,17.215,18627770,17,17.25,16.85
10/18/2016,17.41,20166250,17.21,17.66,17.2
10/17/2016,16.99,12654820,17.02,17.165,16.935
10/14/2016,17.13,23524520,17.03,17.41,16.99
10/13/2016,16.85,28591730,16.56,17,16.17
10/12/2016,16.78,17886290,16.88,17.04,16.6699
10/11/2016,16.86,38049590,17.4,17.47,16.53
10/10/2016,17.5,18805140,17.72,17.835,17.49
10/7/2016,17.61,23839500,17.72,17.8,17.3
10/6/2016,17.73,21596250,17.64,17.885,17.535
10/5/2016,17.7,67715930,17.55,18.331,17.28
10/4/2016,17.8,52912760,17.98,18.04,17.66
10/3/2016,17.73,26817320,17.99,18.02,17.6
9/30/2016,17.78,21313010,17.75,18,17.575
9/29/2016,17.54,31740800,17.45,17.775,17.345
9/28/2016,17.44,42695670,18.16,18.16,17.15
9/27/2016,18,28609470,17.53,18.08,17.35
9/26/2016,17.36,19548480,17.35,17.6,17.18
9/23/2016,17.48,17924950,17.45,17.736,17.43
9/22/2016,17.59,25258990,17.89,18.05,17.41
9/21/2016,17.66,31334940,17.25,17.7,17.23
9/20/2016,16.92,17739680,17.05,17.27,16.72
9/19/2016,16.95,23967850,17.63,17.77,16.85
9/16/2016,17.48,37437350,18.08,18.08,17.34
9/15/2016,17.45,24308650,16.9,17.46,16.8501
9/14/2016,16.93,18622390,16.88,17.08,16.6544
9/13/2016,16.75,24278360,16.92,17.145,16.46
9/12/2016,17.15,28155750,16.61,17.195,16.37
9/9/2016,16.81,31382170,17.33,17.74,16.69
9/8/2016,17.45,39188680,17.18,17.8557,16.88
9/7/2016,17.16,22947700,17.21,17.35,17.02
9/6/2016,17.01,22962150,16.8,17.08,16.75
9/2/2016,16.7,16097840,16.96,16.97,16.57
9/1/2016,16.64,15701470,16.61,16.8,16.3
8/31/2016,16.49,21959000,16.7,16.74,16.14
8/30/2016,16.74,23609080,17,17.01,16.51
8/29/2016,16.91,34449920,16.92,17.25,16.61
8/26/2016,16.51,24239320,16.34,16.805,16.285
8/25/2016,16.2,34828200,15.9,16.55,15.88
8/24/2016,15.51,26668330,16.2,16.24,15.38
8/23/2016,16.18,23660930,16.27,16.54,16.14
8/22/2016,16.19,22139620,16.15,16.43,15.91
8/19/2016,16.25,35046300,16.16,16.45,16.03
8/18/2016,15.77,16577460,15.55,15.8,15.51
8/17/2016,15.52,22536240,15.53,15.76,15.46
8/16/2016,15.49,21870880,15.58,15.59,15.23
8/15/2016,15.53,29094850,15.09,15.695,15.08
8/12/2016,14.93,24906500,14.46,14.99,14.4301
8/11/2016,14.43,14446410,14.25,14.485,14.21
8/10/2016,14.2,14996640,14.48,14.5,14.03
8/9/2016,14.48,12569340,14.56,14.7,14.4
8/8/2016,14.42,16155820,14.53,14.72,14.38
8/5/2016,14.52,29092290,14.22,14.78,14.2
8/4/2016,14.03,23371620,13.61,14.195,13.6
8/3/2016,13.51,17305170,13.27,13.5762,13.27
8/2/2016,13.4,23694740,13.55,13.58,13.02
8/1/2016,13.56,16353820,13.81,13.92,13.55
7/29/2016,13.74,21787200,13.91,13.94,13.62
7/28/2016,13.81,25483790,14.13,14.19,13.7
7/27/2016,14.19,35029940,14.85,14.89,14.055
7/26/2016,14.67,38919320,14,14.69,13.9345
7/25/2016,13.92,51332820,14,14.33,13.88
7/22/2016,13.13,18749430,13.21,13.23,13.015
7/21/2016,13.18,16727190,13.48,13.5,13.08
7/20/2016,13.59,35654560,13.33,13.62,13.24
7/19/2016,13.22,30568370,13.22,13.26,13.05
7/18/2016,13.34,17165990,13.25,13.36,13.09
7/15/2016,13.13,17973880,13.31,13.5,13.04
7/14/2016,13.29,18690010,13.5,13.55,13.27
7/13/2016,13.29,23055580,13.24,13.39,13.07
7/12/2016,13.23,35216330,13,13.455,12.98
7/11/2016,12.64,22625290,12.79,12.98,12.61
7/8/2016,12.62,27950990,12.39,12.72,12.38
7/7/2016,12.2,33446880,11.9,12.55,11.89
7/6/2016,11.73,35734860,11.76,11.85,11.5
7/5/2016,11.91,37278360,12.38,12.45,11.8
7/1/2016,12.5,68742060,12.58,12.9,12.31
6/30/2016,13.76,47704340,13.34,13.78,13.22
6/29/2016,13.19,36849140,13.3,13.418,12.9407
6/28/2016,12.99,34809340,12.64,13.045,12.62
6/27/2016,12.23,45771040,13.13,13.24,12.1
6/24/2016,13.21,77454590,13.5,13.85,13.13
6/23/2016,14.05,70977820,13.41,14.16,13.41
6/22/2016,12.72,26840040,12.78,13.04,12.67
6/21/2016,12.75,25059550,12.54,12.83,12.42
6/20/2016,12.32,21477910,12.51,12.66,12.29
6/17/2016,12.2,20597040,11.97,12.35,11.95
6/16/2016,11.95,22450420,11.87,11.985,11.575
6/15/2016,12.02,17487850,12.16,12.25,11.95
6/14/2016,11.92,21912640,12.07,12.32,11.735
6/13/2016,12.05,15569090,12,12.355,11.94
6/10/2016,12.14,21438710,12.32,12.37,12.045
6/9/2016,12.51,21874190,12.47,12.7,12.235
6/8/2016,12.58,25862300,13.08,13.09,12.51
6/7/2016,13,21408790,12.83,13.15,12.81
6/6/2016,12.77,24807650,12.89,13.04,12.76
6/3/2016,12.86,28319590,13.02,13.04,12.63
6/2/2016,13.11,31935040,12.95,13.205,12.75
6/1/2016,13.09,35734720,12.61,13.09,12.31
5/31/2016,12.72,49590710,12.66,12.91,12.255
5/27/2016,12.31,29834510,11.97,12.43,11.825
5/26/2016,11.95,23626640,11.71,12.03,11.69
5/25/2016,11.6,29190630,11.59,11.78,11.42
5/24/2016,11.49,25415730,11.31,11.5,11.16
5/23/2016,11.14,28367240,10.84,11.17,10.82
5/20/2016,10.8,31183630,10.31,10.8125,10.28
5/19/2016,10.07,18852120,10,10.26,9.915
5/18/2016,10.05,26931080,9.68,10.28,9.68
5/17/2016,9.67,22109700,9.65,9.92,9.495
5/16/2016,9.68,16245150,9.61,9.69,9.51
5/13/2016,9.56,21495780,9.66,9.79,9.41
5/12/2016,9.63,41057670,10.15,10.26,9.35
5/11/2016,10.1,17795080,10.02,10.33,10.01
5/10/2016,10.09,19607630,9.94,10.11,9.835
5/9/2016,9.87,20467920,10,10.07,9.7601
5/6/2016,9.99,20961090,9.98,10.21,9.85
5/5/2016,10.06,26450980,10.06,10.4,10.01
5/4/2016,10,40826710,10.25,10.49,9.8
5/3/2016,10.36,27842240,10.49,10.62,10.25
5/2/2016,10.62,23786570,10.8,10.86,10.43
4/29/2016,10.75,40153170,11.63,11.69,10.645
4/28/2016,11.62,41166870,11.53,12.405,11.52
4/27/2016,11.56,24346220,11.34,11.61,11.2
4/26/2016,11.51,47085460,10.82,11.65,10.71
4/25/2016,10.55,22480830,10.67,10.88,10.475
4/22/2016,10.66,18714900,10.66,10.81,10.5
4/21/2016,10.65,15607810,10.8,10.89,10.595
4/20/2016,10.75,19262700,10.63,10.77,10.5
4/19/2016,10.72,20981840,11.08,11.08,10.6
4/18/2016,10.89,26368870,10.63,11.1,10.56
4/15/2016,10.69,25316570,10.73,10.78,10.46
4/14/2016,10.4,17769410,10.79,10.79,10.39
4/13/2016,10.88,26090940,10.3,10.9,10.2
4/12/2016,10.17,25667760,10.51,10.54,10.05
4/11/2016,10.45,18254130,10.75,10.92,10.44
4/8/2016,10.72,18946930,10.64,10.89,10.57
4/7/2016,10.51,19467780,10.42,10.65,10.39
4/6/2016,10.47,18408570,10.42,10.48,10.25
4/5/2016,10.4,20757510,10.63,10.72,10.38
4/4/2016,10.8,22470530,11.06,11.22,10.775
4/1/2016,11.03,28447580,10.28,11.07,10.24
3/31/2016,10.47,48128000,10.31,10.49,10.01
3/30/2016,10.48,34817420,10.51,10.95,10.4
3/29/2016,10.45,30868000,10.18,10.53,10.1
3/28/2016,10.38,22764160,10.5,10.59,10.25
3/24/2016,10.5,22818470,10.5,10.6,10.33
3/23/2016,10.65,29418890,11.43,11.46,10.63
3/22/2016,11.44,13459780,11.45,11.6,11.33
3/21/2016,11.53,18080620,11.14,11.6,11.075
3/18/2016,11.14,44831910,10.84,11.17,10.75
3/17/2016,10.87,19917270,10.72,11,10.6
3/16/2016,10.72,20464050,10.71,10.89,10.55
3/15/2016,10.85,15153600,11.15,11.15,10.72
3/14/2016,11.15,13525820,11.34,11.34,11.01
3/11/2016,11.39,17251690,10.99,11.4,10.85
3/10/2016,10.88,17770340,10.95,11.06,10.66
3/9/2016,10.81,15111840,10.76,10.91,10.53
3/8/2016,10.66,29630030,11.44,11.45,10.65
3/7/2016,11.58,27760380,11.46,11.78,11.05
3/4/2016,11.88,35266260,11.8,12.29,11.6
3/3/2016,11.79,16317820,11.73,11.85,11.6
3/2/2016,11.68,18191590,11.01,11.685,10.97
3/1/2016,11.07,15632240,10.77,11.1,10.59
2/29/2016,10.63,20683540,10.65,10.89,10.52
2/26/2016,10.7,16418280,10.79,11,10.57
2/25/2016,10.72,16137730,10.67,10.74,10.21
2/24/2016,10.64,18548710,10.25,10.67,10.06
2/23/2016,10.49,22675640,11,11.08,10.39
2/22/2016,11.05,19988210,11.37,11.44,10.9
2/19/2016,11.16,17902460,11.39,11.39,10.95
2/18/2016,11.49,21604650,11.57,11.75,11.32
2/17/2016,11.43,34384820,10.97,11.65,10.92
2/16/2016,10.81,27486590,10.36,10.87,10.31
2/12/2016,10.02,23844740,9.88,10.24,9.48
2/11/2016,9.69,27103830,9.72,9.95,9.45
2/10/2016,9.9,22043820,10.08,10.28,9.8222
2/9/2016,9.98,30172140,10.01,10.34,9.75
2/8/2016,10.17,27422080,10.71,10.76,9.94
2/5/2016,11,22655190,11.15,11.38,10.76
2/4/2016,11.23,26163000,10.71,11.55,10.7
2/3/2016,10.76,18061390,10.67,10.86,10.1801
2/2/2016,10.59,22084520,10.8,11.07,10.48
2/1/2016,10.96,25814000,11,11.095,10.51
1/29/2016,11.03,38413240,9.99,11.05,9.94
1/28/2016,9.885,37335890,10.48,10.55,9.71
1/27/2016,10.39,22997200,10.5,10.8301,10.32
1/26/2016,10.55,26178790,10.55,10.715,10.355
1/25/2016,10.48,23866710,11.06,11.17,10.47
1/22/2016,11.07,35088840,11.18,11.57,10.88
1/21/2016,10.85,52253240,10.45,10.9,10.13
1/20/2016,10.05,65159420,10.38,10.39,9.31
1/19/2016,10.8,38129140,11.28,11.365,10.71
1/15/2016,11.08,37158560,11.35,11.66,10.91
1/14/2016,12.02,35792960,12.08,12.26,11.53
1/13/2016,12.06,35314740,12.78,12.97,11.91
1/12/2016,12.72,25666720,12.72,13.24,12.4
1/11/2016,12.53,43143670,13.37,13.46,12.21
1/8/2016,13.33,29055080,13.78,13.9477,13.29
1/7/2016,13.66,25978510,13.86,14.27,13.63
1/6/2016,14.22,26804730,14.5,14.685,14.11
1/5/2016,14.82,29777960,14.42,15.08,14.36
1/4/2016,14.33,22615450,13.83,14.36,13.81
12/31/2015,14.16,13237360,14.1,14.29,14.03
12/30/2015,14.16,10905030,14.27,14.44,14.1
12/29/2015,14.34,16096670,14.35,14.51,14.23
12/28/2015,14.19,17655610,14.45,14.51,14.05
12/24/2015,14.48,14285510,14.2,14.59,14.19
12/23/2015,14.3,59113410,13.72,14.3,13.55
12/22/2015,14.61,26698250,14.8,14.95,14.52
12/21/2015,14.77,22197400,14.44,14.79,14.33
12/18/2015,14.36,38401420,14.38,14.725,14.26
12/17/2015,14.32,28995120,14.65,14.77,14.25
12/16/2015,14.07,21905670,14.36,14.45,13.78
12/15/2015,14.18,26439980,13.77,14.37,13.74
12/14/2015,13.66,35178400,14.43,14.48,13.51
12/11/2015,14.04,23667550,14.32,14.44,13.99
12/10/2015,14.66,14809150,14.29,14.795,14.26
12/9/2015,14.32,20917010,14.6,14.67,14.24
12/8/2015,14.6,18186270,14.61,14.7,14.42
12/7/2015,14.85,23569350,15.35,15.47,14.71
